starter_word,failed,tries_6,tries_5,tries_4,tries_3,tries_2,tries_1,total_games,success_rate,avg_tries
COURT,0,1,5,20,23,1,0,50,100.0,3.64
PRONE,0,0,4,26,18,2,0,50,100.0,3.64
PROSE,0,0,7,19,23,1,0,50,100.0,3.64
GOLEM,0,0,5,26,18,0,1,50,100.0,3.68
METAL,0,0,7,20,23,0,0,50,100.0,3.68
PANEL,0,0,3,30,15,2,0,50,100.0,3.68
PARTY,0,1,5,22,21,1,0,50,100.0,3.68
PLATE,0,0,5,25,19,1,0,50,100.0,3.68
POLAR,0,0,5,27,15,3,0,50,100.0,3.68
TORCH,0,0,6,24,18,2,0,50,100.0,3.68
TRACK,0,0,6,25,16,3,0,50,100.0,3.68
CORNY,0,1,5,23,20,1,0,50,100.0,3.7
CRAVE,0,0,4,27,19,0,0,50,100.0,3.7
PEDAL,0,0,3,30,16,1,0,50,100.0,3.7
PROVE,0,0,9,19,20,2,0,50,100.0,3.7
RESIN,0,0,8,20,21,1,0,50,100.0,3.7
SCRUM,0,1,8,18,21,2,0,50,100.0,3.7
SPACE,0,0,4,28,17,1,0,50,100.0,3.7
TRADE,0,0,7,23,18,2,0,50,100.0,3.7
TRICE,0,0,7,24,16,3,0,50,100.0,3.7
ARGUE,0,1,6,22,20,1,0,50,100.0,3.72
BRUTE,0,1,3,29,15,2,0,50,100.0,3.72
CRANK,0,0,7,24,17,2,0,50,100.0,3.72
CRONE,0,0,6,25,18,1,0,50,100.0,3.72
DREAM,0,0,6,27,14,3,0,50,100.0,3.72
ERUPT,0,1,7,21,19,2,0,50,100.0,3.72
IRATE,0,1,3,27,19,0,0,50,100.0,3.72
MADLY,0,1,6,24,16,3,0,50,100.0,3.72
MOIST,0,1,6,25,15,2,1,50,100.0,3.72
RECAP,0,1,5,26,15,3,0,50,100.0,3.72
ROUSE,0,0,7,24,17,2,0,50,100.0,3.72
SUITE,0,0,5,27,17,1,0,50,100.0,3.72
TEARY,0,1,4,27,16,2,0,50,100.0,3.72
TIMER,0,1,3,27,19,0,0,50,100.0,3.72
TRACE,0,2,7,18,21,2,0,50,100.0,3.72
TRASH,0,1,4,25,20,0,0,50,100.0,3.72
TRIAD,0,0,7,23,19,1,0,50,100.0,3.72
TROPE,0,1,4,27,17,0,1,50,100.0,3.72
COUNT,0,1,6,23,19,1,0,50,100.0,3.74
COVET,0,0,5,28,16,1,0,50,100.0,3.74
CRATE,0,2,6,21,19,2,0,50,100.0,3.74
DRONE,0,0,7,25,16,2,0,50,100.0,3.74
FRANK,0,0,4,30,15,1,0,50,100.0,3.74
IMPEL,0,0,5,28,16,1,0,50,100.0,3.74
LOUSE,0,1,6,24,17,2,0,50,100.0,3.74
MOUNT,0,1,6,24,17,2,0,50,100.0,3.74
MOVIE,0,1,6,24,17,2,0,50,100.0,3.74
NURSE,0,1,9,20,16,4,0,50,100.0,3.74
OVERT,0,0,5,29,14,2,0,50,100.0,3.74
PAINT,0,1,4,29,13,3,0,50,100.0,3.74
PHASE,0,1,4,26,19,0,0,50,100.0,3.74
POINT,0,1,6,24,17,2,0,50,100.0,3.74
PRIME,0,1,4,27,17,1,0,50,100.0,3.74
PRIOR,0,1,8,21,17,3,0,50,100.0,3.74
PROUD,0,1,6,24,17,2,0,50,100.0,3.74
PRUNE,0,1,3,31,13,1,1,50,100.0,3.74
SPARE,0,1,6,23,19,1,0,50,100.0,3.74
SPIEL,0,1,6,23,19,1,0,50,100.0,3.74
SPITE,0,0,5,28,16,1,0,50,100.0,3.74
TOPIC,0,1,5,26,16,2,0,50,100.0,3.74
BASTE,0,0,8,22,20,0,0,50,100.0,3.76
CAMEL,0,1,7,23,17,2,0,50,100.0,3.76
CHUTE,0,0,7,25,17,1,0,50,100.0,3.76
CREAM,0,2,5,27,12,3,1,50,100.0,3.76
DATUM,0,1,6,24,18,1,0,50,100.0,3.76
GRACE,0,2,6,20,22,0,0,50,100.0,3.76
MORAL,0,0,6,27,16,1,0,50,100.0,3.76
MOULT,0,1,9,20,17,3,0,50,100.0,3.76
MOURN,0,1,7,21,21,0,0,50,100.0,3.76
MOUSE,0,0,9,23,15,3,0,50,100.0,3.76
PATCH,0,0,7,25,17,1,0,50,100.0,3.76
PEACH,0,1,7,24,15,3,0,50,100.0,3.76
PLANT,0,1,5,27,15,2,0,50,100.0,3.76
POISE,0,0,7,25,17,1,0,50,100.0,3.76
PRICE,0,1,8,23,14,4,0,50,100.0,3.76
PROWL,0,1,4,28,16,1,0,50,100.0,3.76
PSALM,0,0,8,22,20,0,0,50,100.0,3.76
RUSTY,0,2,3,26,19,0,0,50,100.0,3.76
SCOPE,0,0,5,29,15,1,0,50,100.0,3.76
SHARP,0,1,6,24,18,1,0,50,100.0,3.76
SLOPE,0,0,6,27,16,1,0,50,100.0,3.76
SOLAR,0,1,4,28,16,1,0,50,100.0,3.76
SPATE,0,0,6,26,18,0,0,50,100.0,3.76
SPLAT,0,1,7,22,19,1,0,50,100.0,3.76
TAPER,0,0,5,29,15,1,0,50,100.0,3.76
TEMPO,0,0,7,25,17,1,0,50,100.0,3.76
TRACT,0,1,5,26,17,1,0,50,100.0,3.76
TROOP,0,1,6,24,18,1,0,50,100.0,3.76
WORST,0,0,5,29,15,1,0,50,100.0,3.76
CADET,0,1,6,26,15,2,0,50,100.0,3.78
CAMEO,0,1,7,24,16,2,0,50,100.0,3.78
CANOE,0,1,6,24,19,0,0,50,100.0,3.78
CAPER,0,0,6,28,15,1,0,50,100.0,3.78
CARVE,0,0,5,29,16,0,0,50,100.0,3.78
CAUSE,0,2,6,22,19,1,0,50,100.0,3.78
CEDAR,0,1,5,28,14,2,0,50,100.0,3.78
COAST,0,1,6,24,19,0,0,50,100.0,3.78
COVER,0,0,6,27,17,0,0,50,100.0,3.78
CREPE,0,2,7,22,16,3,0,50,100.0,3.78
CREPT,0,1,6,26,16,0,1,50,100.0,3.78
CREST,0,0,7,26,16,1,0,50,100.0,3.78
CRIMP,0,1,6,26,15,2,0,50,100.0,3.78
CRISP,0,0,7,26,16,1,0,50,100.0,3.78
CURSE,0,2,7,21,18,2,0,50,100.0,3.78
DOWEL,0,0,8,23,19,0,0,50,100.0,3.78
LEAPT,0,0,5,31,12,2,0,50,100.0,3.78
MAPLE,0,0,6,27,17,0,0,50,100.0,3.78
MEDAL,0,0,7,27,14,2,0,50,100.0,3.78
MERCY,0,1,7,23,18,1,0,50,100.0,3.78
MODEL,0,0,10,21,17,2,0,50,100.0,3.78
MOLAR,0,0,7,26,16,1,0,50,100.0,3.78
MURAL,0,1,7,22,20,0,0,50,100.0,3.78
PAUSE,0,1,9,21,16,3,0,50,100.0,3.78
PEARL,0,2,6,22,19,1,0,50,100.0,3.78
PINTO,0,2,5,25,16,2,0,50,100.0,3.78
PLACE,0,1,7,23,18,1,0,50,100.0,3.78
POKER,0,0,9,24,14,3,0,50,100.0,3.78
QUOTE,0,1,6,25,17,1,0,50,100.0,3.78
RADIO,0,0,7,26,16,1,0,50,100.0,3.78
REACH,0,0,5,31,12,2,0,50,100.0,3.78
ROUND,0,2,5,24,18,1,0,50,100.0,3.78
ROUTE,0,1,2,33,13,1,0,50,100.0,3.78
SAINT,0,1,5,27,16,1,0,50,100.0,3.78
SCOUR,0,0,10,21,17,2,0,50,100.0,3.78
SINCE,0,1,6,26,15,2,0,50,100.0,3.78
SMITE,0,1,6,27,13,3,0,50,100.0,3.78
SPELT,0,0,5,29,16,0,0,50,100.0,3.78
SPORT,0,0,8,25,15,2,0,50,100.0,3.78
SPURT,0,0,8,25,15,2,0,50,100.0,3.78
START,0,2,3,27,18,0,0,50,100.0,3.78
SYRUP,0,0,10,20,19,1,0,50,100.0,3.78
TALON,0,1,6,25,17,1,0,50,100.0,3.78
TEPID,0,1,5,28,14,2,0,50,100.0,3.78
TREAT,0,1,6,25,17,1,0,50,100.0,3.78
TREND,0,0,5,30,14,1,0,50,100.0,3.78
TROUT,0,1,8,21,19,1,0,50,100.0,3.78
TROVE,0,0,4,32,13,1,0,50,100.0,3.78
TRUST,0,0,10,21,17,2,0,50,100.0,3.78
ACUTE,0,1,4,30,14,1,0,50,100.0,3.8
BREAD,0,0,7,27,15,1,0,50,100.0,3.8
CATER,0,1,6,25,18,0,0,50,100.0,3.8
CHORE,0,0,7,26,17,0,0,50,100.0,3.8
CHOSE,0,0,6,28,16,0,0,50,100.0,3.8
CLOSE,0,1,6,25,18,0,0,50,100.0,3.8
CRAMP,0,0,8,27,13,1,1,50,100.0,3.8
CRANE,0,2,7,20,21,0,0,50,100.0,3.8
CRYPT,0,1,9,20,19,1,0,50,100.0,3.8
DISCO,0,1,8,23,16,2,0,50,100.0,3.8
DONUT,0,1,6,25,18,0,0,50,100.0,3.8
ENACT,0,1,6,25,18,0,0,50,100.0,3.8
FARCE,0,2,2,30,16,0,0,50,100.0,3.8
FORTY,0,1,3,32,13,1,0,50,100.0,3.8
LABOR,0,1,3,31,15,0,0,50,100.0,3.8
LAPSE,0,1,5,27,17,0,0,50,100.0,3.8
LOSER,0,0,7,26,17,0,0,50,100.0,3.8
MANOR,0,0,8,24,18,0,0,50,100.0,3.8
MATEY,0,1,8,23,16,2,0,50,100.0,3.8
MEANT,0,1,6,26,16,1,0,50,100.0,3.8
MONTH,0,0,7,27,15,1,0,50,100.0,3.8
PARRY,0,1,9,19,21,0,0,50,100.0,3.8
PEACE,0,0,8,27,12,3,0,50,100.0,3.8
PERKY,0,0,10,22,16,2,0,50,100.0,3.8
PITCH,0,0,7,27,15,1,0,50,100.0,3.8
PLANK,0,0,10,21,18,1,0,50,100.0,3.8
PRICK,0,0,11,20,17,2,0,50,100.0,3.8
PRIDE,0,1,8,23,16,2,0,50,100.0,3.8
PRIMO,0,1,8,22,18,1,0,50,100.0,3.8
RAMEN,0,0,6,28,16,0,0,50,100.0,3.8
RETCH,0,0,8,25,16,1,0,50,100.0,3.8
ROACH,0,1,3,32,13,1,0,50,100.0,3.8
SALTY,0,2,3,29,15,1,0,50,100.0,3.8
SCONE,0,1,5,27,17,0,0,50,100.0,3.8
SOLID,0,0,10,21,18,1,0,50,100.0,3.8
SOLVE,0,0,5,31,13,1,0,50,100.0,3.8
SPARK,0,1,8,22,18,1,0,50,100.0,3.8
SPICE,0,0,7,27,15,1,0,50,100.0,3.8
STAMP,0,0,7,26,17,0,0,50,100.0,3.8
STORM,0,0,6,30,12,2,0,50,100.0,3.8
STORY,0,0,9,25,14,1,1,50,100.0,3.8
SUPER,0,0,14,15,18,3,0,50,100.0,3.8
TAPIR,0,0,10,22,16,2,0,50,100.0,3.8
TARDY,0,1,5,27,17,0,0,50,100.0,3.8
TITLE,0,1,5,29,13,2,0,50,100.0,3.8
TOTEM,0,1,6,25,18,0,0,50,100.0,3.8
TRAIL,0,1,9,20,19,1,0,50,100.0,3.8
TRIPE,0,1,7,24,17,1,0,50,100.0,3.8
TRYST,0,1,6,25,18,0,0,50,100.0,3.8
VALET,0,0,7,29,11,3,0,50,100.0,3.8
VOICE,0,0,10,21,18,1,0,50,100.0,3.8
CHASE,0,1,7,25,16,1,0,50,100.0,3.82
CHORD,0,0,11,22,14,3,0,50,100.0,3.82
COWER,0,1,4,30,15,0,0,50,100.0,3.82
CRAFT,0,1,4,30,15,0,0,50,100.0,3.82
CREAK,0,0,7,29,12,2,0,50,100.0,3.82
DECRY,0,2,6,25,15,2,0,50,100.0,3.82
DENIM,0,1,5,29,14,1,0,50,100.0,3.82
DEPOT,0,0,6,31,11,2,0,50,100.0,3.82
DRIVE,0,0,8,25,17,0,0,50,100.0,3.82
DROVE,0,0,6,30,13,1,0,50,100.0,3.82
FRAME,0,1,6,27,15,1,0,50,100.0,3.82
FROST,0,0,7,27,16,0,0,50,100.0,3.82
HOUND,0,0,8,26,15,1,0,50,100.0,3.82
IRONY,0,2,4,27,17,0,0,50,100.0,3.82
LIVER,0,0,7,28,14,1,0,50,100.0,3.82
MERRY,0,0,8,26,15,1,0,50,100.0,3.82
PICKY,0,1,8,22,19,0,0,50,100.0,3.82
PIETY,0,1,7,25,16,1,0,50,100.0,3.82
PINKY,0,1,8,24,15,2,0,50,100.0,3.82
PLEAT,0,1,6,27,15,1,0,50,100.0,3.82
POUND,0,0,10,22,17,1,0,50,100.0,3.82
PRINT,0,2,4,27,17,0,0,50,100.0,3.82
REALM,0,1,9,22,16,2,0,50,100.0,3.82
REPEL,0,1,10,20,18,0,1,50,100.0,3.82
ROGUE,0,1,8,25,13,3,0,50,100.0,3.82
RUPEE,0,0,12,20,15,3,0,50,100.0,3.82
SAVOR,0,0,6,29,15,0,0,50,100.0,3.82
SLATE,0,0,7,27,16,0,0,50,100.0,3.82
SNORT,0,1,6,27,15,1,0,50,100.0,3.82
SPIKE,0,0,8,25,17,0,0,50,100.0,3.82
SPINE,0,1,8,22,19,0,0,50,100.0,3.82
SPOUT,0,1,6,27,15,1,0,50,100.0,3.82
STEAD,0,0,6,30,13,1,0,50,100.0,3.82
STONE,0,0,6,29,15,0,0,50,100.0,3.82
TABLE,0,0,7,29,12,2,0,50,100.0,3.82
TAKEN,0,0,3,36,10,1,0,50,100.0,3.82
THORN,0,0,8,25,17,0,0,50,100.0,3.82
TRULY,0,2,5,25,18,0,0,50,100.0,3.82
TURBO,0,1,4,31,13,1,0,50,100.0,3.82
VALUE,0,1,6,28,13,2,0,50,100.0,3.82
VAULT,0,0,10,24,13,3,0,50,100.0,3.82
VIDEO,0,1,6,27,15,1,0,50,100.0,3.82
WORSE,0,1,5,29,14,1,0,50,100.0,3.82
WOVEN,0,0,3,35,12,0,0,50,100.0,3.82
ADEPT,0,1,4,32,12,1,0,50,100.0,3.84
ALONE,0,1,4,31,14,0,0,50,100.0,3.84
AMPLE,0,0,7,29,13,1,0,50,100.0,3.84
ARTSY,0,1,5,29,15,0,0,50,100.0,3.84
BADLY,0,2,7,25,14,1,1,50,100.0,3.84
BARGE,0,2,4,29,14,1,0,50,100.0,3.84
BLOND,0,0,6,32,10,2,0,50,100.0,3.84
BOARD,0,0,6,31,12,1,0,50,100.0,3.84
BOAST,0,1,7,26,15,1,0,50,100.0,3.84
BROOM,0,0,12,20,17,0,1,50,100.0,3.84
CARAT,0,1,7,26,15,1,0,50,100.0,3.84
CHART,0,1,7,25,17,0,0,50,100.0,3.84
CURLY,0,2,10,16,22,0,0,50,100.0,3.84
DECAY,0,0,6,30,14,0,0,50,100.0,3.84
DIARY,0,1,7,27,13,2,0,50,100.0,3.84
FERAL,0,2,7,24,15,2,0,50,100.0,3.84
GRIME,0,1,10,20,18,1,0,50,100.0,3.84
HEIST,0,1,6,27,16,0,0,50,100.0,3.84
LATTE,0,0,6,31,12,1,0,50,100.0,3.84
LOVER,0,0,6,30,14,0,0,50,100.0,3.84
LUNAR,0,2,5,27,15,1,0,50,100.0,3.84
MANLY,0,2,5,28,13,2,0,50,100.0,3.84
MINUS,0,3,4,26,16,1,0,50,100.0,3.84
MULCH,0,1,9,22,17,1,0,50,100.0,3.84
PATIO,0,2,5,27,15,1,0,50,100.0,3.84
PORCH,0,0,12,20,17,0,1,50,100.0,3.84
POWER,0,1,7,26,15,1,0,50,100.0,3.84
PREEN,0,1,8,24,16,1,0,50,100.0,3.84
PRONG,0,2,6,24,18,0,0,50,100.0,3.84
PURGE,0,0,9,25,15,1,0,50,100.0,3.84
RAPID,0,2,6,25,16,1,0,50,100.0,3.84
REACT,0,1,8,26,12,3,0,50,100.0,3.84
ROUGE,0,1,8,25,14,2,0,50,100.0,3.84
SCOUT,0,0,10,23,16,1,0,50,100.0,3.84
SHOUT,0,0,9,26,14,0,1,50,100.0,3.84
SKATE,0,0,5,33,11,1,0,50,100.0,3.84
SLEEP,0,1,8,23,18,0,0,50,100.0,3.84
SLUMP,0,1,9,21,19,0,0,50,100.0,3.84
SNARL,0,3,4,26,16,1,0,50,100.0,3.84
SPELL,0,1,6,27,16,0,0,50,100.0,3.84
SPRAY,0,1,10,21,16,2,0,50,100.0,3.84
STOVE,0,0,9,24,17,0,0,50,100.0,3.84
SUAVE,0,1,8,26,12,3,0,50,100.0,3.84
TILDE,0,0,7,29,13,1,0,50,100.0,3.84
TODAY,0,1,7,25,17,0,0,50,100.0,3.84
ULTRA,0,1,4,31,14,0,0,50,100.0,3.84
UPSET,0,0,8,28,12,2,0,50,100.0,3.84
VOTER,0,0,7,29,13,1,0,50,100.0,3.84
WROTE,0,1,5,29,15,0,0,50,100.0,3.84
YEAST,0,0,7,28,15,0,0,50,100.0,3.84
ACTOR,0,1,9,23,16,1,0,50,100.0,3.86
ADOPT,0,1,9,24,14,2,0,50,100.0,3.86
APTLY,0,0,13,18,18,1,0,50,100.0,3.86
ATONE,0,1,4,32,13,0,0,50,100.0,3.86
BERET,0,1,6,29,13,1,0,50,100.0,3.86
BRASH,0,1,6,28,15,0,0,50,100.0,3.86
BRINE,0,0,8,27,15,0,0,50,100.0,3.86
BROAD,0,1,7,27,14,1,0,50,100.0,3.86
CHARD,0,0,9,26,14,1,0,50,100.0,3.86
CIGAR,0,1,8,24,17,0,0,50,100.0,3.86
COMET,0,1,8,24,17,0,0,50,100.0,3.86
CROAK,0,2,7,26,12,3,0,50,100.0,3.86
CRUMB,0,1,9,25,12,3,0,50,100.0,3.86
DECAL,0,0,9,25,16,0,0,50,100.0,3.86
DEPTH,0,0,6,31,13,0,0,50,100.0,3.86
DOPEY,0,0,9,25,16,0,0,50,100.0,3.86
DOWRY,0,1,7,27,14,1,0,50,100.0,3.86
DRAWN,0,1,4,33,11,1,0,50,100.0,3.86
DUVET,0,1,6,30,11,2,0,50,100.0,3.86
FILET,0,1,6,30,11,2,0,50,100.0,3.86
FRONT,0,2,7,23,18,0,0,50,100.0,3.86
GREET,0,2,6,25,17,0,0,50,100.0,3.86
GRIPE,0,1,9,22,18,0,0,50,100.0,3.86
HOMER,0,0,8,27,15,0,0,50,100.0,3.86
HOUSE,0,0,12,22,13,3,0,50,100.0,3.86
LOCUS,0,0,6,32,11,1,0,50,100.0,3.86
LODGE,0,0,10,24,15,1,0,50,100.0,3.86
MATCH,0,2,7,23,18,0,0,50,100.0,3.86
MAYOR,0,1,6,29,13,1,0,50,100.0,3.86
MEALY,0,3,4,27,15,1,0,50,100.0,3.86
MERIT,0,1,7,27,14,1,0,50,100.0,3.86
METER,0,1,4,33,11,1,0,50,100.0,3.86
MINCE,0,3,5,25,16,1,0,50,100.0,3.86
NORTH,0,1,7,27,14,1,0,50,100.0,3.86
OCEAN,0,2,4,30,13,1,0,50,100.0,3.86
OLIVE,0,0,7,29,14,0,0,50,100.0,3.86
OUNCE,0,2,9,20,18,1,0,50,100.0,3.86
OUTER,0,0,8,29,12,0,1,50,100.0,3.86
PARER,0,1,6,29,13,1,0,50,100.0,3.86
PILOT,0,1,9,24,15,0,1,50,100.0,3.86
PINEY,0,0,9,27,12,2,0,50,100.0,3.86
PLAIT,0,2,8,23,15,2,0,50,100.0,3.86
PRIMP,0,1,8,26,13,2,0,50,100.0,3.86
PROBE,0,1,9,23,16,1,0,50,100.0,3.86
RIVET,0,0,7,30,12,1,0,50,100.0,3.86
SCORE,0,1,10,22,15,2,0,50,100.0,3.86
SCORN,0,2,5,28,14,1,0,50,100.0,3.86
SCRAM,0,4,4,26,13,3,0,50,100.0,3.86
SLICE,0,1,7,27,14,1,0,50,100.0,3.86
SPADE,0,0,5,33,12,0,0,50,100.0,3.86
STAKE,0,0,4,36,9,1,0,50,100.0,3.86
STALE,0,0,5,33,12,0,0,50,100.0,3.86
STOUT,0,0,10,23,17,0,0,50,100.0,3.86
TAUNT,0,1,6,29,13,1,0,50,100.0,3.86
THEME,0,0,9,26,14,1,0,50,100.0,3.86
THYME,0,0,8,28,13,1,0,50,100.0,3.86
TITHE,0,1,8,26,13,2,0,50,100.0,3.86
TORSO,0,0,7,30,12,1,0,50,100.0,3.86
TRITE,0,1,6,30,12,0,1,50,100.0,3.86
TWICE,0,1,8,28,10,2,1,50,100.0,3.86
UNMET,0,1,7,27,14,1,0,50,100.0,3.86
VOILA,0,0,9,27,12,2,0,50,100.0,3.86
VOUCH,0,1,9,22,18,0,0,50,100.0,3.86
WRITE,0,1,4,33,11,1,0,50,100.0,3.86
AVERT,0,1,9,24,15,1,0,50,100.0,3.88
BLARE,0,2,8,23,16,1,0,50,100.0,3.88
BORNE,0,1,8,25,16,0,0,50,100.0,3.88
BRAVE,0,0,10,25,14,1,0,50,100.0,3.88
BRIDE,0,0,8,30,10,2,0,50,100.0,3.88
BRINK,0,0,10,25,14,1,0,50,100.0,3.88
BROKE,0,0,8,30,10,2,0,50,100.0,3.88
CAROL,0,2,8,22,18,0,0,50,100.0,3.88
CHAMP,0,1,7,29,11,2,0,50,100.0,3.88
CHANT,0,0,9,26,15,0,0,50,100.0,3.88
CHEST,0,0,10,24,16,0,0,50,100.0,3.88
CHILD,0,2,10,20,16,2,0,50,100.0,3.88
CRUSH,0,1,9,24,15,1,0,50,100.0,3.88
CRUST,0,1,10,22,16,1,0,50,100.0,3.88
DANCE,0,2,7,25,15,1,0,50,100.0,3.88
FLOUT,0,1,7,28,13,1,0,50,100.0,3.88
FOCUS,0,1,7,28,13,1,0,50,100.0,3.88
FORCE,0,1,9,24,15,1,0,50,100.0,3.88
FRAIL,0,1,6,32,9,1,1,50,100.0,3.88
FROCK,0,1,10,23,14,2,0,50,100.0,3.88
FROND,0,1,6,31,10,2,0,50,100.0,3.88
GRIMY,0,0,10,24,16,0,0,50,100.0,3.88
GROUP,0,2,6,26,16,0,0,50,100.0,3.88
GRUEL,0,1,7,28,13,1,0,50,100.0,3.88
HORSE,0,0,9,27,13,1,0,50,100.0,3.88
HOTEL,0,1,7,27,15,0,0,50,100.0,3.88
LAGER,0,2,4,32,10,2,0,50,100.0,3.88
MASSE,0,1,9,24,15,1,0,50,100.0,3.88
MOTOR,0,2,4,30,14,0,0,50,100.0,3.88
NAVEL,0,0,9,29,9,3,0,50,100.0,3.88
NERDY,0,1,8,25,16,0,0,50,100.0,3.88
OLDER,0,0,9,27,13,1,0,50,100.0,3.88
PERCH,0,0,11,23,15,1,0,50,100.0,3.88
RANGE,0,2,3,32,13,0,0,50,100.0,3.88
RAYON,0,1,7,28,13,1,0,50,100.0,3.88
READY,0,0,10,25,14,1,0,50,100.0,3.88
RELIC,0,1,8,25,16,0,0,50,100.0,3.88
RISEN,0,0,9,26,15,0,0,50,100.0,3.88
ROBIN,0,1,6,29,14,0,0,50,100.0,3.88
ROYAL,0,1,8,27,12,2,0,50,100.0,3.88
SCANT,0,1,6,29,14,0,0,50,100.0,3.88
SCOLD,0,0,10,25,14,1,0,50,100.0,3.88
SHAPE,0,1,5,31,13,0,0,50,100.0,3.88
SMILE,0,0,10,25,14,1,0,50,100.0,3.88
SMOKE,0,0,10,24,16,0,0,50,100.0,3.88
SNOUT,0,0,8,28,14,0,0,50,100.0,3.88
SPEAR,0,1,6,30,12,1,0,50,100.0,3.88
SPENT,0,1,8,25,16,0,0,50,100.0,3.88
SPRIG,0,1,10,21,18,0,0,50,100.0,3.88
STOLE,0,1,4,33,12,0,0,50,100.0,3.88
STONY,0,1,10,23,14,2,0,50,100.0,3.88
SURLY,0,1,9,24,15,1,0,50,100.0,3.88
THERE,0,0,5,34,11,0,0,50,100.0,3.88
THIRD,0,0,8,28,14,0,0,50,100.0,3.88
TIPSY,0,2,6,26,16,0,0,50,100.0,3.88
TONIC,0,1,7,28,13,1,0,50,100.0,3.88
TOUCH,0,0,11,22,17,0,0,50,100.0,3.88
TOWEL,0,1,6,30,12,1,0,50,100.0,3.88
VISOR,0,0,10,25,14,1,0,50,100.0,3.88
YIELD,0,0,12,21,16,1,0,50,100.0,3.88
ACORN,0,3,5,28,12,2,0,50,100.0,3.9
ADORE,0,0,9,29,11,0,1,50,100.0,3.9
AGENT,0,0,8,29,13,0,0,50,100.0,3.9
ALTER,0,1,7,28,14,0,0,50,100.0,3.9
AUDIT,0,1,10,23,15,1,0,50,100.0,3.9
BEAST,0,0,10,26,13,1,0,50,100.0,3.9
BEAUT,0,1,6,32,9,2,0,50,100.0,3.9
BERTH,0,1,8,26,15,0,0,50,100.0,3.9
BREAK,0,0,7,32,10,1,0,50,100.0,3.9
BROTH,0,1,7,28,14,0,0,50,100.0,3.9
CHARM,0,3,8,22,15,2,0,50,100.0,3.9
CHEAP,0,0,11,25,12,2,0,50,100.0,3.9
CLEAR,0,1,7,28,14,0,0,50,100.0,3.9
CLONE,0,1,9,24,16,0,0,50,100.0,3.9
CLOVE,0,0,9,27,14,0,0,50,100.0,3.9
CRAWL,0,2,5,29,14,0,0,50,100.0,3.9
CROSS,0,1,11,21,16,1,0,50,100.0,3.9
DEATH,0,0,3,39,8,0,0,50,100.0,3.9
DINER,0,1,8,27,13,1,0,50,100.0,3.9
DITTO,0,1,9,27,10,3,0,50,100.0,3.9
DRAFT,0,0,8,29,13,0,0,50,100.0,3.9
DRAIN,0,0,8,29,13,0,0,50,100.0,3.9
DROOL,0,1,10,22,17,0,0,50,100.0,3.9
EMPTY,0,2,7,26,14,1,0,50,100.0,3.9
FACET,0,1,6,31,11,1,0,50,100.0,3.9
FAINT,0,1,7,29,12,1,0,50,100.0,3.9
FAULT,0,1,7,28,14,0,0,50,100.0,3.9
FEAST,0,0,7,31,12,0,0,50,100.0,3.9
FOCAL,0,1,9,25,14,1,0,50,100.0,3.9
FORTE,0,1,6,30,13,0,0,50,100.0,3.9
GAMUT,0,2,5,29,14,0,0,50,100.0,3.9
GIANT,0,2,8,23,17,0,0,50,100.0,3.9
GRADE,0,1,10,24,13,2,0,50,100.0,3.9
GRATE,0,3,5,26,16,0,0,50,100.0,3.9
GROOM,0,0,11,25,12,2,0,50,100.0,3.9
HALVE,0,1,8,27,13,1,0,50,100.0,3.9
INTER,0,1,5,32,12,0,0,50,100.0,3.9
MAJOR,0,1,5,33,10,1,0,50,100.0,3.9
MASON,0,1,8,26,15,0,0,50,100.0,3.9
METRO,0,1,7,28,14,0,0,50,100.0,3.9
MINER,0,2,8,23,17,0,0,50,100.0,3.9
MUSTY,0,2,6,29,12,0,1,50,100.0,3.9
NOBLE,0,1,8,27,13,1,0,50,100.0,3.9
ONSET,0,1,7,28,14,0,0,50,100.0,3.9
PANIC,0,1,8,28,12,0,1,50,100.0,3.9
PATTY,0,1,11,22,15,0,1,50,100.0,3.9
PHONY,0,1,9,25,14,1,0,50,100.0,3.9
PIANO,0,1,8,27,13,1,0,50,100.0,3.9
PIOUS,0,1,10,22,17,0,0,50,100.0,3.9
POLKA,0,1,10,24,13,2,0,50,100.0,3.9
REGAL,0,2,8,24,15,1,0,50,100.0,3.9
RIDGE,0,1,7,28,14,0,0,50,100.0,3.9
ROWER,0,0,8,31,9,2,0,50,100.0,3.9
SCARE,0,1,7,28,14,0,0,50,100.0,3.9
SCENT,0,2,7,25,16,0,0,50,100.0,3.9
SEDAN,0,1,7,29,12,1,0,50,100.0,3.9
SEVER,0,0,6,34,9,1,0,50,100.0,3.9
SHARD,0,0,10,26,13,1,0,50,100.0,3.9
SHARE,0,0,10,25,15,0,0,50,100.0,3.9
SHOVE,0,0,9,28,12,1,0,50,100.0,3.9
SLEEK,0,1,6,30,13,0,0,50,100.0,3.9
SMELT,0,1,10,23,15,1,0,50,100.0,3.9
SPEAK,0,0,5,35,10,0,0,50,100.0,3.9
SPECK,0,1,7,28,14,0,0,50,100.0,3.9
STAIN,0,1,7,28,14,0,0,50,100.0,3.9
STEAM,0,1,11,22,14,2,0,50,100.0,3.9
STOMP,0,1,9,25,14,1,0,50,100.0,3.9
STRAP,0,0,6,34,9,1,0,50,100.0,3.9
TERSE,0,0,9,28,12,1,0,50,100.0,3.9
THEIR,0,1,9,24,16,0,0,50,100.0,3.9
TIDAL,0,0,11,24,14,1,0,50,100.0,3.9
TIGER,0,2,3,34,10,1,0,50,100.0,3.9
TRAIN,0,2,6,27,15,0,0,50,100.0,3.9
TROLL,0,2,3,33,12,0,0,50,100.0,3.9
VALID,0,1,7,30,10,2,0,50,100.0,3.9
VIGOR,0,0,10,26,13,1,0,50,100.0,3.9
VITAL,0,1,11,25,9,3,1,50,100.0,3.9
WEIRD,0,0,9,28,12,1,0,50,100.0,3.9
AISLE,0,1,6,31,12,0,0,50,100.0,3.92
ALERT,0,0,10,26,14,0,0,50,100.0,3.92
ALIVE,0,0,10,27,12,1,0,50,100.0,3.92
APRON,0,1,8,28,12,1,0,50,100.0,3.92
ASCOT,0,2,7,27,13,1,0,50,100.0,3.92
BACON,0,1,7,30,11,1,0,50,100.0,3.92
BATTY,0,1,6,32,10,1,0,50,100.0,3.92
BELCH,0,1,9,26,13,1,0,50,100.0,3.92
BELIE,0,1,9,26,13,1,0,50,100.0,3.92
BLAND,0,1,8,28,12,1,0,50,100.0,3.92
BLEED,0,2,8,26,12,2,0,50,100.0,3.92
CARGO,0,2,7,27,13,1,0,50,100.0,3.92
CEASE,0,3,5,29,12,0,1,50,100.0,3.92
CHOKE,0,0,12,23,14,1,0,50,100.0,3.92
CIDER,0,3,7,25,13,2,0,50,100.0,3.92
CLIMB,0,1,9,25,15,0,0,50,100.0,3.92
CLOUD,0,2,8,26,13,0,1,50,100.0,3.92
CORER,0,1,8,28,12,1,0,50,100.0,3.92
CREDO,0,2,6,30,11,0,1,50,100.0,3.92
CROWD,0,2,8,27,10,3,0,50,100.0,3.92
DAISY,0,2,9,22,17,0,0,50,100.0,3.92
DEVIL,0,1,9,27,11,2,0,50,100.0,3.92
DOUBT,0,2,7,26,15,0,0,50,100.0,3.92
DRINK,0,1,10,24,14,1,0,50,100.0,3.92
DWARF,0,0,8,31,10,1,0,50,100.0,3.92
EPOCH,0,0,11,25,13,1,0,50,100.0,3.92
ERODE,0,1,8,30,8,3,0,50,100.0,3.92
FIRST,0,1,9,25,15,0,0,50,100.0,3.92
FLAME,0,0,8,31,10,1,0,50,100.0,3.92
FOYER,0,0,11,24,15,0,0,50,100.0,3.92
FROTH,0,2,6,28,14,0,0,50,100.0,3.92
FROWN,0,1,6,31,12,0,0,50,100.0,3.92
GRAIL,0,1,7,29,13,0,0,50,100.0,3.92
GRASP,0,1,7,30,11,1,0,50,100.0,3.92
GROIN,0,3,3,31,13,0,0,50,100.0,3.92
HATER,0,0,8,30,12,0,0,50,100.0,3.92
HOARD,0,0,10,27,12,1,0,50,100.0,3.92
ISLET,0,1,6,32,10,1,0,50,100.0,3.92
IVORY,0,0,10,26,14,0,0,50,100.0,3.92
JAUNT,0,1,7,30,11,1,0,50,100.0,3.92
KNELT,0,0,7,32,11,0,0,50,100.0,3.92
LANKY,0,1,7,31,9,2,0,50,100.0,3.92
LARGE,0,2,5,31,11,1,0,50,100.0,3.92
LEMUR,0,1,9,26,13,1,0,50,100.0,3.92
LITHE,0,1,7,30,11,1,0,50,100.0,3.92
MARRY,0,2,9,22,17,0,0,50,100.0,3.92
MEDIC,0,2,8,24,16,0,0,50,100.0,3.92
MUCKY,0,0,10,26,14,0,0,50,100.0,3.92
NASTY,0,1,5,33,11,0,0,50,100.0,3.92
NOISE,0,1,10,25,12,2,0,50,100.0,3.92
OPERA,0,1,8,30,8,3,0,50,100.0,3.92
ORDER,0,1,8,29,11,0,1,50,100.0,3.92
PIPER,0,0,11,25,13,1,0,50,100.0,3.92
RATIO,0,2,6,28,14,0,0,50,100.0,3.92
REBUS,0,0,9,30,9,2,0,50,100.0,3.92
REBUT,0,1,6,32,10,1,0,50,100.0,3.92
RERUN,0,1,7,30,11,1,0,50,100.0,3.92
RETRO,0,0,6,35,8,1,0,50,100.0,3.92
RIPER,0,0,10,26,14,0,0,50,100.0,3.92
ROUGH,0,2,9,23,15,1,0,50,100.0,3.92
SANDY,0,2,10,20,18,0,0,50,100.0,3.92
SCRAP,0,1,8,28,12,1,0,50,100.0,3.92
SERUM,0,2,10,22,15,0,1,50,100.0,3.92
SHAWL,0,0,9,28,13,0,0,50,100.0,3.92
SHINE,0,1,8,27,14,0,0,50,100.0,3.92
SHORN,0,0,9,29,11,1,0,50,100.0,3.92
SMITH,0,2,5,32,9,2,0,50,100.0,3.92
SNACK,0,0,7,32,11,0,0,50,100.0,3.92
SNAIL,0,3,3,32,11,1,0,50,100.0,3.92
SPILL,0,3,5,27,15,0,0,50,100.0,3.92
SPIRE,0,1,10,24,14,1,0,50,100.0,3.92
STOCK,0,0,9,29,11,1,0,50,100.0,3.92
STORE,0,0,9,29,11,1,0,50,100.0,3.92
STRAW,0,2,4,32,12,0,0,50,100.0,3.92
STUDY,0,1,10,23,16,0,0,50,100.0,3.92
SUEDE,0,1,9,27,11,2,0,50,100.0,3.92
SUGAR,0,3,6,26,14,1,0,50,100.0,3.92
THIEF,0,2,5,31,11,1,0,50,100.0,3.92
THOSE,0,0,7,33,9,1,0,50,100.0,3.92
ULCER,0,1,8,27,14,0,0,50,100.0,3.92
VENOM,0,1,11,22,15,1,0,50,100.0,3.92
VERGE,0,0,10,26,14,0,0,50,100.0,3.92
WIDEN,0,0,8,31,10,1,0,50,100.0,3.92
WREAK,0,0,11,24,15,0,0,50,100.0,3.92
ADAPT,0,1,8,29,11,1,0,50,100.0,3.94
ADOBE,0,1,8,29,11,1,0,50,100.0,3.94
AGILE,0,2,4,34,9,1,0,50,100.0,3.94
ALBUM,0,2,9,26,10,3,0,50,100.0,3.94
ALIKE,0,0,9,30,10,1,0,50,100.0,3.94
AUDIO,0,1,11,22,16,0,0,50,100.0,3.94
BAGEL,0,3,5,30,10,2,0,50,100.0,3.94
BAKER,0,0,9,30,10,1,0,50,100.0,3.94
BANAL,0,2,6,30,11,1,0,50,100.0,3.94
BATON,0,1,6,32,11,0,0,50,100.0,3.94
BEADY,0,3,8,24,13,2,0,50,100.0,3.94
BEVEL,0,0,11,26,12,1,0,50,100.0,3.94
BICEP,0,2,4,33,11,0,0,50,100.0,3.94
BLAME,0,2,9,26,10,3,0,50,100.0,3.94
BONUS,0,2,9,23,16,0,0,50,100.0,3.94
BRUSH,0,0,11,26,12,1,0,50,100.0,3.94
BURLY,0,2,10,21,17,0,0,50,100.0,3.94
CABLE,0,2,8,28,9,3,0,50,100.0,3.94
CANDY,0,1,8,30,9,2,0,50,100.0,3.94
CHAFE,0,1,9,27,12,1,0,50,100.0,3.94
CLOAK,0,0,8,31,11,0,0,50,100.0,3.94
CRAZE,0,2,7,27,14,0,0,50,100.0,3.94
DUTCH,0,1,9,27,12,1,0,50,100.0,3.94
EMAIL,0,0,9,29,12,0,0,50,100.0,3.94
EMBER,0,1,10,26,12,0,1,50,100.0,3.94
ENDOW,0,0,9,29,12,0,0,50,100.0,3.94
ETHER,0,1,8,28,13,0,0,50,100.0,3.94
FAVOR,0,0,6,35,9,0,0,50,100.0,3.94
FOUND,0,2,8,26,13,1,0,50,100.0,3.94
FRIED,0,1,9,27,12,1,0,50,100.0,3.94
GAMER,0,3,7,25,14,1,0,50,100.0,3.94
GLORY,0,1,10,26,11,2,0,50,100.0,3.94
GONER,0,1,8,29,11,1,0,50,100.0,3.94
GRANT,0,2,6,29,13,0,0,50,100.0,3.94
GRIND,0,2,8,26,13,1,0,50,100.0,3.94
GROUT,0,2,8,25,15,0,0,50,100.0,3.94
GROVE,0,0,11,25,14,0,0,50,100.0,3.94
GUSTY,0,1,7,30,12,0,0,50,100.0,3.94
HEART,0,0,8,31,11,0,0,50,100.0,3.94
HENCE,0,1,10,25,13,1,0,50,100.0,3.94
HORDE,0,0,11,26,12,1,0,50,100.0,3.94
IMAGE,0,1,8,29,11,1,0,50,100.0,3.94
INTRO,0,1,8,28,13,0,0,50,100.0,3.94
LUNGE,0,2,6,29,13,0,0,50,100.0,3.94
MAGIC,0,1,9,26,14,0,0,50,100.0,3.94
MARSH,0,2,8,25,15,0,0,50,100.0,3.94
MAUVE,0,1,8,28,13,0,0,50,100.0,3.94
MICRO,0,1,9,26,14,0,0,50,100.0,3.94
NERVE,0,0,11,26,12,1,0,50,100.0,3.94
NEVER,0,0,11,26,12,1,0,50,100.0,3.94
OCTET,0,1,9,26,14,0,0,50,100.0,3.94
PESKY,0,0,13,21,16,0,0,50,100.0,3.94
PHONE,0,0,9,30,10,1,0,50,100.0,3.94
PINCH,0,2,11,20,16,1,0,50,100.0,3.94
PRESS,0,1,9,26,14,0,0,50,100.0,3.94
PROXY,0,1,11,22,16,0,0,50,100.0,3.94
QUALM,0,2,9,23,16,0,0,50,100.0,3.94
RAISE,0,2,8,25,15,0,0,50,100.0,3.94
RETRY,0,0,9,30,10,1,0,50,100.0,3.94
RUDER,0,0,11,26,12,1,0,50,100.0,3.94
SCALD,0,0,9,29,12,0,0,50,100.0,3.94
SCRUB,0,1,11,23,14,1,0,50,100.0,3.94
SERVE,0,1,7,32,8,2,0,50,100.0,3.94
SEVEN,0,0,11,27,10,2,0,50,100.0,3.94
SHEAR,0,1,9,26,14,0,0,50,100.0,3.94
SMOCK,0,3,9,20,18,0,0,50,100.0,3.94
SORRY,0,0,11,28,9,1,1,50,100.0,3.94
SOUND,0,1,13,19,16,1,0,50,100.0,3.94
SOWER,0,0,10,28,11,1,0,50,100.0,3.94
SPICY,0,2,6,29,13,0,0,50,100.0,3.94
SPOKE,0,0,12,24,13,1,0,50,100.0,3.94
STAIR,0,1,9,26,14,0,0,50,100.0,3.94
STEEL,0,1,9,26,14,0,0,50,100.0,3.94
STEEP,0,1,9,26,14,0,0,50,100.0,3.94
STRAY,0,3,8,23,15,1,0,50,100.0,3.94
SURER,0,0,14,22,11,3,0,50,100.0,3.94
SWATH,0,0,9,30,10,1,0,50,100.0,3.94
SWEET,0,0,8,31,11,0,0,50,100.0,3.94
SWIRL,0,1,7,30,12,0,0,50,100.0,3.94
TACKY,0,1,8,30,10,0,1,50,100.0,3.94
TANGY,0,1,8,29,11,1,0,50,100.0,3.94
THESE,0,0,11,25,14,0,0,50,100.0,3.94
THREW,0,0,5,37,8,0,0,50,100.0,3.94
TOUGH,0,1,9,27,12,1,0,50,100.0,3.94
TRAIT,0,1,6,33,9,1,0,50,100.0,3.94
TRUSS,0,0,10,28,11,1,0,50,100.0,3.94
TRUTH,0,3,6,27,13,1,0,50,100.0,3.94
UNCLE,0,2,6,29,13,0,0,50,100.0,3.94
USAGE,0,2,8,25,15,0,0,50,100.0,3.94
VIOLA,0,0,12,25,11,2,0,50,100.0,3.94
WASTE,0,1,6,33,9,1,0,50,100.0,3.94
WOOER,0,0,9,29,12,0,0,50,100.0,3.94
ACRID,0,2,8,26,14,0,0,50,100.0,3.96
ADMIT,0,1,9,29,9,2,0,50,100.0,3.96
ADULT,0,0,12,25,12,1,0,50,100.0,3.96
AGREE,0,2,9,24,15,0,0,50,100.0,3.96
ALARM,0,1,10,27,10,2,0,50,100.0,3.96
ANGEL,0,2,5,34,7,2,0,50,100.0,3.96
ANODE,0,1,8,30,10,1,0,50,100.0,3.96
AORTA,0,1,7,31,11,0,0,50,100.0,3.96
BADGE,0,1,11,25,11,2,0,50,100.0,3.96
BALMY,0,1,13,23,9,4,0,50,100.0,3.96
BLOKE,0,0,9,31,9,1,0,50,100.0,3.96
CAULK,0,0,9,31,9,1,0,50,100.0,3.96
CHOIR,0,1,10,25,14,0,0,50,100.0,3.96
CLASH,0,1,9,28,11,1,0,50,100.0,3.96
CLEAN,0,2,8,26,14,0,0,50,100.0,3.96
CONDO,0,1,10,26,12,1,0,50,100.0,3.96
COULD,0,3,7,27,11,2,0,50,100.0,3.96
DELAY,0,3,6,28,12,1,0,50,100.0,3.96
DELTA,0,0,9,30,11,0,0,50,100.0,3.96
DELVE,0,0,12,24,14,0,0,50,100.0,3.96
DICEY,0,0,9,31,9,1,0,50,100.0,3.96
DUCHY,0,1,10,25,14,0,0,50,100.0,3.96
DWELT,0,1,7,31,11,0,0,50,100.0,3.96
ELOPE,0,1,13,20,15,1,0,50,100.0,3.96
ELUDE,0,0,10,28,12,0,0,50,100.0,3.96
FLIRT,0,1,7,32,9,1,0,50,100.0,3.96
GLEAM,0,1,9,28,11,1,0,50,100.0,3.96
GLOAT,0,2,7,29,11,1,0,50,100.0,3.96
GROWL,0,1,9,28,11,1,0,50,100.0,3.96
GUEST,0,2,10,23,14,1,0,50,100.0,3.96
HOVER,0,0,12,25,12,1,0,50,100.0,3.96
INEPT,0,0,8,32,10,0,0,50,100.0,3.96
INPUT,0,1,9,27,13,0,0,50,100.0,3.96
KNEAD,0,0,7,34,9,0,0,50,100.0,3.96
LASER,0,2,3,36,9,0,0,50,100.0,3.96
LAYER,0,2,5,34,8,0,1,50,100.0,3.96
LINER,0,2,8,26,14,0,0,50,100.0,3.96
LUNCH,0,1,12,21,16,0,0,50,100.0,3.96
LUSTY,0,2,7,28,13,0,0,50,100.0,3.96
MAIZE,0,1,9,28,11,1,0,50,100.0,3.96
MEDIA,0,0,8,32,10,0,0,50,100.0,3.96
MIDGE,0,2,9,24,15,0,0,50,100.0,3.96
MODEM,0,1,11,24,13,1,0,50,100.0,3.96
MONEY,0,2,10,22,16,0,0,50,100.0,3.96
ORGAN,0,1,9,28,11,1,0,50,100.0,3.96
PAPER,0,2,6,32,8,2,0,50,100.0,3.96
PATSY,0,1,9,28,11,1,0,50,100.0,3.96
PIECE,0,1,12,24,10,3,0,50,100.0,3.96
PULPY,0,2,11,21,15,1,0,50,100.0,3.96
REBEL,0,1,10,26,12,1,0,50,100.0,3.96
REPAY,0,2,9,26,11,2,0,50,100.0,3.96
ROCKY,0,1,9,29,10,0,1,50,100.0,3.96
SCOWL,0,0,9,30,11,0,0,50,100.0,3.96
SHAME,0,0,11,26,13,0,0,50,100.0,3.96
SIEGE,0,1,13,19,17,0,0,50,100.0,3.96
SLOTH,0,0,11,27,11,1,0,50,100.0,3.96
SMEAR,0,2,9,26,11,2,0,50,100.0,3.96
SONIC,0,1,8,29,12,0,0,50,100.0,3.96
SPEND,0,1,7,31,11,0,0,50,100.0,3.96
STARE,0,0,9,30,11,0,0,50,100.0,3.96
STARK,0,0,8,32,10,0,0,50,100.0,3.96
STINK,0,0,9,31,9,1,0,50,100.0,3.96
STOOL,0,2,9,24,15,0,0,50,100.0,3.96
STYLE,0,1,8,29,12,0,0,50,100.0,3.96
TEACH,0,0,9,31,9,1,0,50,100.0,3.96
THREE,0,0,7,34,9,0,0,50,100.0,3.96
THROW,0,0,9,30,11,0,0,50,100.0,3.96
THUMP,0,1,8,30,10,1,0,50,100.0,3.96
TIARA,0,2,6,31,10,1,0,50,100.0,3.96
TOAST,0,1,10,25,14,0,0,50,100.0,3.96
TWIRL,0,1,8,30,10,1,0,50,100.0,3.96
UNTIE,0,1,8,30,10,1,0,50,100.0,3.96
UNTIL,0,2,5,33,9,1,0,50,100.0,3.96
USHER,0,0,11,26,13,0,0,50,100.0,3.96
VAGUE,0,1,9,28,11,1,0,50,100.0,3.96
VAPID,0,0,13,24,12,0,1,50,100.0,3.96
VERSE,0,1,9,28,11,1,0,50,100.0,3.96
WATCH,0,0,11,28,9,2,0,50,100.0,3.96
WEARY,0,2,8,27,12,1,0,50,100.0,3.96
WITCH,0,0,10,29,10,1,0,50,100.0,3.96
WOMAN,0,1,10,25,14,0,0,50,100.0,3.96
WORLD,0,1,9,27,13,0,0,50,100.0,3.96
WRATH,0,1,6,33,10,0,0,50,100.0,3.96
ALTAR,0,1,8,30,11,0,0,50,100.0,3.98
AMBER,0,3,9,23,14,1,0,50,100.0,3.98
ANGLE,0,2,6,32,9,1,0,50,100.0,3.98
ARBOR,0,1,10,27,11,1,0,50,100.0,3.98
AROMA,0,1,7,32,10,0,0,50,100.0,3.98
BLOCK,0,1,12,23,13,1,0,50,100.0,3.98
BLURT,0,1,9,28,12,0,0,50,100.0,3.98
BRAKE,0,0,12,27,9,2,0,50,100.0,3.98
BREED,0,0,12,25,13,0,0,50,100.0,3.98
BRIAR,0,1,9,28,12,0,0,50,100.0,3.98
CARRY,0,2,8,28,11,1,0,50,100.0,3.98
CHAIN,0,1,9,28,12,0,0,50,100.0,3.98
CHAOS,0,1,10,27,11,1,0,50,100.0,3.98
CLEFT,0,1,9,28,12,0,0,50,100.0,3.98
CLOTH,0,1,9,28,12,0,0,50,100.0,3.98
DECOY,0,3,9,24,12,2,0,50,100.0,3.98
DEITY,0,2,10,24,13,1,0,50,100.0,3.98
DIRGE,0,1,11,25,12,1,0,50,100.0,3.98
DITTY,0,2,9,27,10,2,0,50,100.0,3.98
DONOR,0,1,10,26,13,0,0,50,100.0,3.98
DROLL,0,1,9,28,12,0,0,50,100.0,3.98
DROOP,0,2,10,24,13,1,0,50,100.0,3.98
EASEL,0,2,5,33,10,0,0,50,100.0,3.98
EBONY,0,2,9,27,10,2,0,50,100.0,3.98
EJECT,0,1,12,23,13,1,0,50,100.0,3.98
ELDER,0,0,13,23,14,0,0,50,100.0,3.98
ETHIC,0,1,8,31,9,1,0,50,100.0,3.98
EXPEL,0,1,13,21,14,1,0,50,100.0,3.98
FLAKE,0,0,10,30,9,1,0,50,100.0,3.98
FLARE,0,1,10,27,11,1,0,50,100.0,3.98
FORAY,0,2,8,27,13,0,0,50,100.0,3.98
FUNKY,0,2,7,29,12,0,0,50,100.0,3.98
GRAPH,0,0,12,26,11,1,0,50,100.0,3.98
GUARD,0,1,10,27,11,1,0,50,100.0,3.98
HEFTY,0,0,9,32,8,1,0,50,100.0,3.98
HYPER,0,1,7,32,10,0,0,50,100.0,3.98
IDLER,0,0,12,26,11,1,0,50,100.0,3.98
INERT,0,1,7,32,10,0,0,50,100.0,3.98
JOINT,0,1,11,26,10,2,0,50,100.0,3.98
JOKER,0,0,13,26,9,1,1,50,100.0,3.98
JOUST,0,1,13,20,16,0,0,50,100.0,3.98
LAPEL,0,0,12,25,13,0,0,50,100.0,3.98
LEASE,0,2,4,35,9,0,0,50,100.0,3.98
LEASH,0,1,6,34,9,0,0,50,100.0,3.98
LEAVE,0,1,9,29,10,1,0,50,100.0,3.98
LEECH,0,2,9,26,12,1,0,50,100.0,3.98
LOWER,0,1,8,30,11,0,0,50,100.0,3.98
MIDST,0,1,12,24,11,2,0,50,100.0,3.98
NICER,0,2,7,30,10,1,0,50,100.0,3.98
OTHER,0,1,9,29,10,1,0,50,100.0,3.98
OTTER,0,0,9,32,8,1,0,50,100.0,3.98
OWNER,0,1,6,34,9,0,0,50,100.0,3.98
PASTA,0,1,11,24,14,0,0,50,100.0,3.98
PIXEL,0,0,11,28,10,1,0,50,100.0,3.98
POLYP,0,2,15,16,14,3,0,50,100.0,3.98
RANCH,0,0,10,29,11,0,0,50,100.0,3.98
REUSE,0,0,15,21,12,2,0,50,100.0,3.98
REVUE,0,0,12,25,13,0,0,50,100.0,3.98
RIDER,0,1,9,29,10,1,0,50,100.0,3.98
RODEO,0,1,9,29,10,1,0,50,100.0,3.98
ROVER,0,0,12,26,11,1,0,50,100.0,3.98
SALAD,0,2,10,24,13,1,0,50,100.0,3.98
SHAFT,0,1,11,25,12,1,0,50,100.0,3.98
SHAKE,0,1,5,36,8,0,0,50,100.0,3.98
SHAVE,0,2,6,33,8,0,1,50,100.0,3.98
SHEET,0,0,11,27,12,0,0,50,100.0,3.98
SHIRK,0,0,9,31,10,0,0,50,100.0,3.98
SHORE,0,1,11,26,10,2,0,50,100.0,3.98
SHUNT,0,0,14,22,13,1,0,50,100.0,3.98
SMIRK,0,0,13,24,12,1,0,50,100.0,3.98
SNARE,0,2,8,27,13,0,0,50,100.0,3.98
STAND,0,0,9,31,10,0,0,50,100.0,3.98
SWEAT,0,2,7,29,12,0,0,50,100.0,3.98
TITAN,0,3,5,31,10,1,0,50,100.0,3.98
VIRAL,0,0,12,29,5,4,0,50,100.0,3.98
WORDY,0,1,8,30,11,0,0,50,100.0,3.98
ZESTY,0,2,7,29,12,0,0,50,100.0,3.98
ABIDE,0,0,14,22,14,0,0,50,100.0,4.0
AFTER,0,0,13,24,13,0,0,50,100.0,4.0
ALOUD,0,0,10,31,8,1,0,50,100.0,4.0
ARDOR,0,1,10,29,8,2,0,50,100.0,4.0
AWARD,0,1,10,29,8,2,0,50,100.0,4.0
BASIN,0,1,8,31,10,0,0,50,100.0,4.0
BIOME,0,0,13,25,11,1,0,50,100.0,4.0
BLEEP,0,1,11,26,11,1,0,50,100.0,4.0
BOXER,0,0,11,28,11,0,0,50,100.0,4.0
BRASS,0,1,11,25,13,0,0,50,100.0,4.0
BROOK,0,1,15,19,13,2,0,50,100.0,4.0
CATCH,0,1,10,27,12,0,0,50,100.0,4.0
CHEAT,0,0,13,24,13,0,0,50,100.0,4.0
CLERK,0,0,11,29,9,1,0,50,100.0,4.0
CRASS,0,2,8,28,12,0,0,50,100.0,4.0
DETER,0,1,9,29,11,0,0,50,100.0,4.0
DOZEN,0,0,8,34,8,0,0,50,100.0,4.0
EARLY,0,3,8,26,12,1,0,50,100.0,4.0
EDICT,0,1,9,31,8,0,1,50,100.0,4.0
ENTER,0,3,6,29,12,0,0,50,100.0,4.0
EXACT,0,1,9,29,11,0,0,50,100.0,4.0
FALSE,0,2,8,28,12,0,0,50,100.0,4.0
FLOAT,0,2,5,34,9,0,0,50,100.0,4.0
FLOCK,0,1,10,27,12,0,0,50,100.0,4.0
FLORA,0,3,6,29,12,0,0,50,100.0,4.0
FLYER,0,1,8,33,6,2,0,50,100.0,4.0
FOAMY,0,2,9,26,13,0,0,50,100.0,4.0
FORTH,0,1,9,30,9,1,0,50,100.0,4.0
FRESH,0,1,10,28,10,1,0,50,100.0,4.0
GAUNT,0,2,8,29,10,1,0,50,100.0,4.0
GLIDE,0,0,12,27,10,1,0,50,100.0,4.0
GRAIN,0,1,13,21,15,0,0,50,100.0,4.0
HAVOC,0,1,13,22,13,1,0,50,100.0,4.0
HEARD,0,0,9,33,7,1,0,50,100.0,4.0
HUMID,0,3,9,23,15,0,0,50,100.0,4.0
HUMOR,0,0,15,21,13,1,0,50,100.0,4.0
IDIOM,0,3,9,23,15,0,0,50,100.0,4.0
LUCKY,0,2,9,26,13,0,0,50,100.0,4.0
MERGE,0,1,13,23,11,2,0,50,100.0,4.0
MOOSE,0,0,15,20,15,0,0,50,100.0,4.0
NUDGE,0,1,9,29,11,0,0,50,100.0,4.0
OFTEN,0,1,7,33,9,0,0,50,100.0,4.0
PITHY,0,0,13,24,13,0,0,50,100.0,4.0
PLUCK,0,0,11,29,9,1,0,50,100.0,4.0
PUPIL,0,1,12,25,10,2,0,50,100.0,4.0
QUART,0,2,9,26,13,0,0,50,100.0,4.0
RIGHT,0,1,9,29,11,0,0,50,100.0,4.0
ROOMY,0,1,12,24,12,1,0,50,100.0,4.0
SAUCY,0,5,7,21,17,0,0,50,100.0,4.0
SCALE,0,2,7,30,11,0,0,50,100.0,4.0
SEEDY,0,2,12,22,12,2,0,50,100.0,4.0
SHIRE,0,1,11,25,13,0,0,50,100.0,4.0
SHUCK,0,1,12,23,14,0,0,50,100.0,4.0
SKIMP,0,1,6,35,8,0,0,50,100.0,4.0
SNAKE,0,1,8,31,10,0,0,50,100.0,4.0
STERN,0,0,12,26,12,0,0,50,100.0,4.0
SWINE,0,1,13,22,13,1,0,50,100.0,4.0
TALLY,0,2,10,25,12,1,0,50,100.0,4.0
TAWNY,0,1,11,27,10,0,1,50,100.0,4.0
THINK,0,0,10,31,8,1,0,50,100.0,4.0
TRAWL,0,4,6,26,14,0,0,50,100.0,4.0
UNITE,0,1,7,33,9,0,0,50,100.0,4.0
UTTER,0,0,10,31,8,1,0,50,100.0,4.0
WHALE,0,0,11,28,11,0,0,50,100.0,4.0
WRIST,0,1,10,27,12,0,0,50,100.0,4.0
YACHT,0,2,8,29,10,1,0,50,100.0,4.0
ADMIN,0,3,6,30,11,0,0,50,100.0,4.02
AMISS,0,1,9,31,8,1,0,50,100.0,4.02
ASIDE,0,1,11,26,12,0,0,50,100.0,4.02
BAYOU,0,1,8,32,9,0,0,50,100.0,4.02
BINGE,0,1,11,27,10,1,0,50,100.0,4.02
BLACK,0,0,13,26,10,1,0,50,100.0,4.02
BLADE,0,2,8,31,7,2,0,50,100.0,4.02
BOOST,0,0,12,27,11,0,0,50,100.0,4.02
BOOTY,0,2,10,25,13,0,0,50,100.0,4.02
BROWN,0,1,14,20,15,0,0,50,100.0,4.02
BULKY,0,2,11,24,12,1,0,50,100.0,4.02
BUNCH,0,4,7,26,12,1,0,50,100.0,4.02
DEBUT,0,1,10,29,9,1,0,50,100.0,4.02
DOGMA,0,2,9,28,10,1,0,50,100.0,4.02
ERROR,0,1,11,27,10,1,0,50,100.0,4.02
EVADE,0,0,12,27,11,0,0,50,100.0,4.02
EXULT,0,2,9,27,12,0,0,50,100.0,4.02
FAITH,0,1,10,29,9,1,0,50,100.0,4.02
FINAL,0,1,11,27,10,1,0,50,100.0,4.02
FLAIR,0,1,8,34,5,2,0,50,100.0,4.02
FLASH,0,2,11,26,9,1,1,50,100.0,4.02
GLOVE,0,0,11,30,8,1,0,50,100.0,4.02
GREED,0,0,12,27,11,0,0,50,100.0,4.02
HEAVE,0,1,12,25,11,1,0,50,100.0,4.02
HONEY,0,1,9,30,10,0,0,50,100.0,4.02
KNOCK,0,1,10,28,11,0,0,50,100.0,4.02
LEARN,0,3,4,34,9,0,0,50,100.0,4.02
LEERY,0,2,8,30,9,1,0,50,100.0,4.02
LUCID,0,1,15,18,16,0,0,50,100.0,4.02
MAYBE,0,3,10,24,11,2,0,50,100.0,4.02
NICHE,0,2,10,25,13,0,0,50,100.0,4.02
NYMPH,0,0,9,33,8,0,0,50,100.0,4.02
OXIDE,0,1,10,29,9,1,0,50,100.0,4.02
PHOTO,0,0,13,26,10,1,0,50,100.0,4.02
PLUNK,0,0,10,31,9,0,0,50,100.0,4.02
PRIZE,0,2,9,27,12,0,0,50,100.0,4.02
QUITE,0,2,10,26,11,1,0,50,100.0,4.02
RIVAL,0,0,13,28,6,3,0,50,100.0,4.02
ROBOT,0,1,9,30,10,0,0,50,100.0,4.02
SALLY,0,2,7,32,8,1,0,50,100.0,4.02
SHADE,0,0,12,27,11,0,0,50,100.0,4.02
SIGHT,0,2,11,23,14,0,0,50,100.0,4.02
SLUNG,0,2,11,23,14,0,0,50,100.0,4.02
SNAFU,0,1,12,24,13,0,0,50,100.0,4.02
STAID,0,1,12,24,13,0,0,50,100.0,4.02
STICK,0,0,13,26,10,1,0,50,100.0,4.02
STOIC,0,1,10,29,9,1,0,50,100.0,4.02
TENTH,0,0,10,31,9,0,0,50,100.0,4.02
THANK,0,0,9,34,6,1,0,50,100.0,4.02
TUNIC,0,2,9,27,12,0,0,50,100.0,4.02
TUTOR,0,2,11,24,12,1,0,50,100.0,4.02
TWINE,0,1,13,24,10,2,0,50,100.0,4.02
UNDER,0,1,11,26,12,0,0,50,100.0,4.02
UNLIT,0,2,6,33,9,0,0,50,100.0,4.02
UPPER,0,1,17,17,13,1,1,50,100.0,4.02
USING,0,2,8,29,11,0,0,50,100.0,4.02
WHEAT,0,0,11,29,10,0,0,50,100.0,4.02
WHELP,0,0,14,23,13,0,0,50,100.0,4.02
YOUTH,0,0,14,23,13,0,0,50,100.0,4.02
ABATE,0,1,13,24,11,1,0,50,100.0,4.04
ABOUT,0,1,10,29,10,0,0,50,100.0,4.04
ABOVE,0,2,9,28,11,0,0,50,100.0,4.04
AGAPE,0,1,11,27,11,0,0,50,100.0,4.04
ALIEN,0,1,7,35,7,0,0,50,100.0,4.04
AMBLE,0,1,14,24,8,3,0,50,100.0,4.04
AVAIL,0,2,11,27,7,3,0,50,100.0,4.04
BESET,0,2,8,31,8,1,0,50,100.0,4.04
BORAX,0,1,6,37,6,0,0,50,100.0,4.04
BOSSY,0,2,10,26,12,0,0,50,100.0,4.04
BRAWN,0,2,10,27,10,1,0,50,100.0,4.04
BRIEF,0,2,10,27,10,1,0,50,100.0,4.04
BRISK,0,0,11,31,7,1,0,50,100.0,4.04
CACHE,0,4,7,26,13,0,0,50,100.0,4.04
CHALK,0,0,12,28,10,0,0,50,100.0,4.04
CHEEK,0,0,15,23,11,1,0,50,100.0,4.04
CLING,0,2,8,30,10,0,0,50,100.0,4.04
COLON,0,1,8,33,8,0,0,50,100.0,4.04
DEBIT,0,1,10,30,8,1,0,50,100.0,4.04
DINGY,0,4,10,22,12,2,0,50,100.0,4.04
EAGER,0,1,10,29,10,0,0,50,100.0,4.04
EGRET,0,1,9,31,9,0,0,50,100.0,4.04
EVENT,0,0,13,27,9,1,0,50,100.0,4.04
EVERY,0,3,9,25,13,0,0,50,100.0,4.04
FANCY,0,2,8,31,8,1,0,50,100.0,4.04
FIELD,0,1,12,25,12,0,0,50,100.0,4.04
FLANK,0,1,11,28,9,1,0,50,100.0,4.04
FLOUR,0,1,12,25,12,0,0,50,100.0,4.04
GENRE,0,2,11,24,13,0,0,50,100.0,4.04
GLEAN,0,2,8,30,10,0,0,50,100.0,4.04
HUMAN,0,1,10,30,8,1,0,50,100.0,4.04
HUNKY,0,1,10,29,10,0,0,50,100.0,4.04
INLAY,0,2,9,29,9,1,0,50,100.0,4.04
KARMA,0,0,9,34,7,0,0,50,100.0,4.04
KNEEL,0,0,13,26,11,0,0,50,100.0,4.04
LADLE,0,1,10,29,10,0,0,50,100.0,4.04
LEAFY,0,3,5,34,7,1,0,50,100.0,4.04
LIMIT,0,2,9,29,9,1,0,50,100.0,4.04
LOGIC,0,1,11,28,9,1,0,50,100.0,4.04
MACHO,0,2,11,24,13,0,0,50,100.0,4.04
MADAM,0,1,14,23,11,0,1,50,100.0,4.04
MARCH,0,3,9,26,11,1,0,50,100.0,4.04
NAIVE,0,0,14,26,8,2,0,50,100.0,4.04
OUGHT,0,2,8,31,8,1,0,50,100.0,4.04
RAINY,0,1,9,31,9,0,0,50,100.0,4.04
REVEL,0,0,13,26,11,0,0,50,100.0,4.04
RUDDY,0,1,15,19,15,0,0,50,100.0,4.04
SCARF,0,3,6,31,10,0,0,50,100.0,4.04
SHELF,0,1,14,22,12,1,0,50,100.0,4.04
SHIFT,0,1,12,25,12,0,0,50,100.0,4.04
SHRUB,0,2,9,29,9,1,0,50,100.0,4.04
SHRUG,0,0,15,23,11,1,0,50,100.0,4.04
SKIER,0,0,13,26,11,0,0,50,100.0,4.04
SKIRT,0,0,12,28,10,0,0,50,100.0,4.04
SLANG,0,2,7,32,9,0,0,50,100.0,4.04
STEED,0,1,12,25,12,0,0,50,100.0,4.04
STING,0,1,11,27,11,0,0,50,100.0,4.04
TOXIC,0,2,11,24,13,0,0,50,100.0,4.04
TWEED,0,2,9,28,11,0,0,50,100.0,4.04
USURP,0,2,13,21,13,1,0,50,100.0,4.04
VODKA,0,1,10,30,8,1,0,50,100.0,4.04
WHEEL,0,1,12,25,12,0,0,50,100.0,4.04
WHERE,0,0,12,28,10,0,0,50,100.0,4.04
WHOSE,0,0,13,26,11,0,0,50,100.0,4.04
WINCE,0,2,12,24,10,2,0,50,100.0,4.04
WRUNG,0,2,9,29,9,1,0,50,100.0,4.04
ALOFT,0,2,6,35,7,0,0,50,100.0,4.06
APPLY,0,2,11,26,10,1,0,50,100.0,4.06
BLUSH,0,1,13,25,10,1,0,50,100.0,4.06
BOUGH,0,2,14,20,13,1,0,50,100.0,4.06
BRAVO,0,0,12,29,9,0,0,50,100.0,4.06
CANNY,0,4,7,28,10,1,0,50,100.0,4.06
CHEER,0,0,14,26,9,1,0,50,100.0,4.06
CROOK,0,2,15,19,12,2,0,50,100.0,4.06
CYBER,0,1,10,31,7,1,0,50,100.0,4.06
DODGE,0,0,16,22,11,1,0,50,100.0,4.06
DOING,0,1,14,24,10,0,1,50,100.0,4.06
DRYER,0,1,13,25,10,1,0,50,100.0,4.06
EDIFY,0,2,10,28,9,1,0,50,100.0,4.06
ETHOS,0,0,13,27,10,0,0,50,100.0,4.06
EXCEL,0,1,13,24,12,0,0,50,100.0,4.06
FEVER,0,0,12,30,7,1,0,50,100.0,4.06
FINER,0,1,9,32,8,0,0,50,100.0,4.06
FLAIL,0,2,10,28,9,1,0,50,100.0,4.06
FLASK,0,0,15,25,8,2,0,50,100.0,4.06
FLICK,0,1,13,24,12,0,0,50,100.0,4.06
FROZE,0,2,10,27,11,0,0,50,100.0,4.06
GHOUL,0,1,11,30,6,2,0,50,100.0,4.06
GLAND,0,0,14,26,9,1,0,50,100.0,4.06
GOOSE,0,2,12,23,13,0,0,50,100.0,4.06
GREEN,0,1,13,25,10,1,0,50,100.0,4.06
GRIEF,0,2,10,29,7,2,0,50,100.0,4.06
ITCHY,0,2,7,34,6,1,0,50,100.0,4.06
LAUGH,0,3,9,27,10,1,0,50,100.0,4.06
LEAKY,0,2,8,32,7,1,0,50,100.0,4.06
LEDGE,0,2,10,27,11,0,0,50,100.0,4.06
LINEN,0,2,8,31,9,0,0,50,100.0,4.06
MACAW,0,2,15,19,12,2,0,50,100.0,4.06
NATAL,0,2,13,22,12,1,0,50,100.0,4.06
NINTH,0,1,6,38,5,0,0,50,100.0,4.06
RELAX,0,1,10,30,9,0,0,50,100.0,4.06
RHINO,0,1,14,22,13,0,0,50,100.0,4.06
SCOFF,0,1,10,30,9,0,0,50,100.0,4.06
SHALL,0,0,14,25,11,0,0,50,100.0,4.06
SHANK,0,0,12,29,9,0,0,50,100.0,4.06
SNAKY,0,2,10,27,11,0,0,50,100.0,4.06
SQUAT,0,2,11,27,8,2,0,50,100.0,4.06
STALL,0,3,7,30,10,0,0,50,100.0,4.06
STEIN,0,2,8,31,9,0,0,50,100.0,4.06
STINT,0,2,12,24,11,1,0,50,100.0,4.06
TOPAZ,0,1,11,28,10,0,0,50,100.0,4.06
URBAN,0,2,10,27,11,0,0,50,100.0,4.06
VINYL,0,2,7,35,5,0,1,50,100.0,4.06
WAFER,0,1,8,34,7,0,0,50,100.0,4.06
ABASE,0,2,9,31,7,1,0,50,100.0,4.08
AGLOW,0,2,7,35,5,1,0,50,100.0,4.08
ANVIL,0,0,15,26,7,2,0,50,100.0,4.08
APPLE,0,1,13,26,9,1,0,50,100.0,4.08
ARROW,0,1,12,28,8,1,0,50,100.0,4.08
ASSET,0,2,9,30,9,0,0,50,100.0,4.08
ATLAS,0,3,10,25,12,0,0,50,100.0,4.08
BATHE,0,1,12,27,10,0,0,50,100.0,4.08
BAWDY,0,3,8,30,8,1,0,50,100.0,4.08
BEACH,0,1,12,29,6,2,0,50,100.0,4.08
BENCH,0,3,7,32,7,1,0,50,100.0,4.08
BIRCH,0,2,12,25,10,1,0,50,100.0,4.08
BIRTH,0,2,10,28,10,0,0,50,100.0,4.08
BRIBE,0,2,9,30,9,0,0,50,100.0,4.08
BUGLE,0,1,15,24,8,1,1,50,100.0,4.08
BUILT,0,2,10,28,10,0,0,50,100.0,4.08
CHOCK,0,1,12,27,10,0,0,50,100.0,4.08
CLICK,0,1,14,23,12,0,0,50,100.0,4.08
EAGLE,0,3,9,28,9,1,0,50,100.0,4.08
ELBOW,0,1,15,22,11,1,0,50,100.0,4.08
EPOXY,0,1,14,23,12,0,0,50,100.0,4.08
EXALT,0,1,11,29,9,0,0,50,100.0,4.08
FLESH,0,1,14,24,10,1,0,50,100.0,4.08
FLOSS,0,2,11,26,11,0,0,50,100.0,4.08
FLUME,0,2,11,26,11,0,0,50,100.0,4.08
FUNGI,0,2,12,24,12,0,0,50,100.0,4.08
GLOOM,0,1,14,25,8,2,0,50,100.0,4.08
GNASH,0,4,6,30,10,0,0,50,100.0,4.08
GRIFT,0,2,9,31,7,1,0,50,100.0,4.08
HABIT,0,1,9,33,7,0,0,50,100.0,4.08
HAIRY,0,2,11,26,11,0,0,50,100.0,4.08
HATCH,0,1,12,27,10,0,0,50,100.0,4.08
HEADY,0,2,12,24,12,0,0,50,100.0,4.08
HOWDY,0,2,10,28,10,0,0,50,100.0,4.08
HUTCH,0,1,15,22,11,1,0,50,100.0,4.08
INDIE,0,1,11,29,9,0,0,50,100.0,4.08
JERKY,0,1,13,27,7,2,0,50,100.0,4.08
KRILL,0,1,13,25,11,0,0,50,100.0,4.08
LARVA,0,1,14,24,10,1,0,50,100.0,4.08
LIBEL,0,1,12,27,10,0,0,50,100.0,4.08
LOCAL,0,1,13,25,11,0,0,50,100.0,4.08
LOOPY,0,1,13,26,9,1,0,50,100.0,4.08
LOYAL,0,1,12,29,6,2,0,50,100.0,4.08
MANIA,0,2,9,31,7,1,0,50,100.0,4.08
MOTTO,0,2,13,23,11,1,0,50,100.0,4.08
MUSHY,0,3,12,23,10,2,0,50,100.0,4.08
OUTDO,0,0,13,30,5,2,0,50,100.0,4.08
PENNE,0,2,11,27,9,1,0,50,100.0,4.08
QUIET,0,1,15,23,9,2,0,50,100.0,4.08
RENEW,0,2,11,26,11,0,0,50,100.0,4.08
SAUNA,0,2,12,24,12,0,0,50,100.0,4.08
SHOWY,0,0,13,28,9,0,0,50,100.0,4.08
SMALL,0,1,14,23,12,0,0,50,100.0,4.08
STOOD,0,1,12,27,10,0,0,50,100.0,4.08
THUMB,0,1,12,28,8,1,0,50,100.0,4.08
TOTAL,0,2,9,30,9,0,0,50,100.0,4.08
UDDER,0,1,13,26,9,1,0,50,100.0,4.08
UNFED,0,3,8,29,10,0,0,50,100.0,4.08
USUAL,0,2,10,28,10,0,0,50,100.0,4.08
WHISK,0,0,10,34,6,0,0,50,100.0,4.08
WINDY,0,4,8,28,8,2,0,50,100.0,4.08
WOKEN,0,0,12,30,8,0,0,50,100.0,4.08
YOUNG,0,2,12,24,12,0,0,50,100.0,4.08
ABACK,0,1,11,32,5,0,1,50,100.0,4.1
ALPHA,0,1,12,28,9,0,0,50,100.0,4.1
ANGER,0,1,15,23,10,1,0,50,100.0,4.1
ASHEN,0,2,7,35,6,0,0,50,100.0,4.1
AWARE,0,1,13,26,10,0,0,50,100.0,4.1
BALSA,0,2,13,23,12,0,0,50,100.0,4.1
CHILL,0,2,12,25,11,0,0,50,100.0,4.1
COACH,0,0,17,21,12,0,0,50,100.0,4.1
COMMA,0,2,14,21,13,0,0,50,100.0,4.1
CRAZY,0,2,13,23,12,0,0,50,100.0,4.1
EXERT,0,1,10,32,7,0,0,50,100.0,4.1
FLOOD,0,2,11,27,10,0,0,50,100.0,4.1
FORGE,0,1,14,25,9,1,0,50,100.0,4.1
GIRTH,0,2,12,25,11,0,0,50,100.0,4.1
GLYPH,0,0,13,29,8,0,0,50,100.0,4.1
HIPPO,0,1,16,20,13,0,0,50,100.0,4.1
HUMPH,0,2,12,25,11,0,0,50,100.0,4.1
INANE,0,2,10,29,9,0,0,50,100.0,4.1
JUICE,0,3,10,27,9,1,0,50,100.0,4.1
LASSO,0,2,8,33,7,0,0,50,100.0,4.1
LOFTY,0,1,14,24,11,0,0,50,100.0,4.1
MANGO,0,4,7,29,10,0,0,50,100.0,4.1
NAVAL,0,1,16,23,8,1,1,50,100.0,4.1
QUOTA,0,0,15,25,10,0,0,50,100.0,4.1
RHYME,0,0,13,29,8,0,0,50,100.0,4.1
SKUNK,0,1,13,26,10,0,0,50,100.0,4.1
SNEAK,0,0,11,33,6,0,0,50,100.0,4.1
SQUID,0,2,13,24,10,1,0,50,100.0,4.1
STILL,0,2,10,29,9,0,0,50,100.0,4.1
SWEEP,0,2,12,25,11,0,0,50,100.0,4.1
SWUNG,0,3,10,26,11,0,0,50,100.0,4.1
UNIFY,0,2,9,31,8,0,0,50,100.0,4.1
WHINE,0,1,14,25,9,1,0,50,100.0,4.1
YEARN,0,4,7,29,10,0,0,50,100.0,4.1
ABBEY,0,1,14,26,8,1,0,50,100.0,4.12
AWFUL,0,2,9,32,7,0,0,50,100.0,4.12
BASIC,0,4,10,25,10,1,0,50,100.0,4.12
BELLY,0,3,12,24,10,1,0,50,100.0,4.12
BLOWN,0,1,10,33,6,0,0,50,100.0,4.12
BULLY,0,1,14,26,8,1,0,50,100.0,4.12
CHIEF,0,1,15,23,11,0,0,50,100.0,4.12
CLASS,0,2,10,30,8,0,0,50,100.0,4.12
DEBUG,0,2,13,26,7,2,0,50,100.0,4.12
DINGO,0,2,16,19,12,1,0,50,100.0,4.12
ENSUE,0,2,14,23,10,1,0,50,100.0,4.12
ESSAY,0,2,9,32,7,0,0,50,100.0,4.12
FIEND,0,3,9,29,9,0,0,50,100.0,4.12
FLOWN,0,1,14,25,10,0,0,50,100.0,4.12
GAUDY,0,3,11,25,11,0,0,50,100.0,4.12
GAUZE,0,3,8,31,8,0,0,50,100.0,4.12
GIVEN,0,0,16,26,6,2,0,50,100.0,4.12
GLAZE,0,2,9,32,7,0,0,50,100.0,4.12
GUILE,0,2,9,33,5,1,0,50,100.0,4.12
HANDY,0,4,6,32,8,0,0,50,100.0,4.12
HERON,0,3,7,33,7,0,0,50,100.0,4.12
HINGE,0,2,11,28,9,0,0,50,100.0,4.12
HITCH,0,1,15,23,11,0,0,50,100.0,4.12
HOBBY,0,2,12,26,10,0,0,50,100.0,4.12
INDEX,0,0,12,32,6,0,0,50,100.0,4.12
INFER,0,1,10,33,6,0,0,50,100.0,4.12
JUDGE,0,0,16,24,10,0,0,50,100.0,4.12
MOSSY,0,2,14,22,12,0,0,50,100.0,4.12
NEEDY,0,2,10,31,6,1,0,50,100.0,4.12
PLAZA,0,4,12,20,14,0,0,50,100.0,4.12
QUICK,0,1,14,25,10,0,0,50,100.0,4.12
SALSA,0,2,13,24,11,0,0,50,100.0,4.12
SENSE,0,2,13,27,6,1,1,50,100.0,4.12
SHAKY,0,1,12,29,8,0,0,50,100.0,4.12
SHELL,0,1,11,31,7,0,0,50,100.0,4.12
SILLY,0,4,11,23,11,1,0,50,100.0,4.12
SNOOP,0,1,12,29,8,0,0,50,100.0,4.12
STASH,0,0,13,30,7,0,0,50,100.0,4.12
SULKY,0,2,14,22,12,0,0,50,100.0,4.12
SWELL,0,1,12,29,8,0,0,50,100.0,4.12
TASTY,0,3,7,33,7,0,0,50,100.0,4.12
TOXIN,0,1,13,28,7,1,0,50,100.0,4.12
UNFIT,0,1,14,25,10,0,0,50,100.0,4.12
UNZIP,0,2,11,29,7,1,0,50,100.0,4.12
UVULA,0,1,12,29,8,0,0,50,100.0,4.12
VERVE,0,1,16,21,12,0,0,50,100.0,4.12
WOULD,0,1,15,23,11,0,0,50,100.0,4.12
AGONY,0,3,11,26,10,0,0,50,100.0,4.14
ANGRY,0,3,12,24,11,0,0,50,100.0,4.14
AWAIT,0,2,15,21,12,0,0,50,100.0,4.14
CANON,0,3,10,28,9,0,0,50,100.0,4.14
CLOCK,0,2,11,29,8,0,0,50,100.0,4.14
DANDY,0,5,8,26,11,0,0,50,100.0,4.14
DOLLY,0,4,9,27,10,0,0,50,100.0,4.14
ENEMA,0,2,13,26,8,1,0,50,100.0,4.14
EQUAL,0,2,12,27,9,0,0,50,100.0,4.14
EXTRA,0,2,10,31,7,0,0,50,100.0,4.14
FERRY,0,1,15,25,8,1,0,50,100.0,4.14
FEWER,0,1,12,31,5,1,0,50,100.0,4.14
FIBER,0,2,11,29,8,0,0,50,100.0,4.14
GECKO,0,0,18,22,9,1,0,50,100.0,4.14
GENIE,0,3,9,30,8,0,0,50,100.0,4.14
GIDDY,0,3,15,20,10,2,0,50,100.0,4.14
GUANO,0,3,10,28,9,0,0,50,100.0,4.14
GUILD,0,4,14,19,11,2,0,50,100.0,4.14
HEATH,0,1,9,36,4,0,0,50,100.0,4.14
HEAVY,0,2,12,28,7,1,0,50,100.0,4.14
LYING,0,3,10,28,9,0,0,50,100.0,4.14
QUASH,0,2,15,23,9,0,1,50,100.0,4.14
QUEEN,0,1,14,26,9,0,0,50,100.0,4.14
SKILL,0,3,9,30,8,0,0,50,100.0,4.14
SOGGY,0,1,15,25,8,1,0,50,100.0,4.14
SPOON,0,1,13,28,8,0,0,50,100.0,4.14
STUNG,0,2,13,25,10,0,0,50,100.0,4.14
TWANG,0,3,8,33,5,1,0,50,100.0,4.14
WHIRL,0,2,12,27,9,0,0,50,100.0,4.14
AHEAD,0,0,18,23,8,1,0,50,100.0,4.16
APHID,0,1,15,25,9,0,0,50,100.0,4.16
BLEAK,0,1,13,30,5,1,0,50,100.0,4.16
CLUCK,0,3,11,28,7,1,0,50,100.0,4.16
EQUIP,0,2,15,22,11,0,0,50,100.0,4.16
EXIST,0,1,14,28,6,1,0,50,100.0,4.16
FINCH,0,3,15,19,13,0,0,50,100.0,4.16
FJORD,0,1,14,28,6,1,0,50,100.0,4.16
GORGE,0,2,15,23,9,1,0,50,100.0,4.16
GUMMY,0,2,15,22,11,0,0,50,100.0,4.16
HAPPY,0,2,14,24,10,0,0,50,100.0,4.16
HURRY,0,1,18,19,12,0,0,50,100.0,4.16
KOALA,0,2,12,28,8,0,0,50,100.0,4.16
LABEL,0,1,16,23,10,0,0,50,100.0,4.16
LIGHT,0,2,11,30,7,0,0,50,100.0,4.16
PIXIE,0,2,13,26,9,0,0,50,100.0,4.16
QUERY,0,2,13,26,9,0,0,50,100.0,4.16
RUMBA,0,2,15,22,11,0,0,50,100.0,4.16
SLOSH,0,0,15,28,7,0,0,50,100.0,4.16
SUNNY,0,2,14,24,10,0,0,50,100.0,4.16
UNDUE,0,3,12,25,10,0,0,50,100.0,4.16
VILLA,0,2,14,26,6,2,0,50,100.0,4.16
VYING,0,3,10,30,6,1,0,50,100.0,4.16
WEDGE,0,0,17,24,9,0,0,50,100.0,4.16
WHILE,0,1,14,27,8,0,0,50,100.0,4.16
ADAGE,0,1,14,28,7,0,0,50,100.0,4.18
ALOOF,0,2,14,25,9,0,0,50,100.0,4.18
BEING,0,3,10,30,7,0,0,50,100.0,4.18
BLURB,0,2,12,29,7,0,0,50,100.0,4.18
BRINY,0,3,10,30,7,0,0,50,100.0,4.18
CHUNK,0,0,16,27,7,0,0,50,100.0,4.18
DIGIT,0,2,15,25,6,2,0,50,100.0,4.18
EVOKE,0,2,15,23,10,0,0,50,100.0,4.18
FEIGN,0,3,11,28,8,0,0,50,100.0,4.18
GOODY,0,2,16,21,11,0,0,50,100.0,4.18
GUPPY,0,2,17,20,10,1,0,50,100.0,4.18
HELIX,0,1,15,26,8,0,0,50,100.0,4.18
HILLY,0,3,12,27,7,1,0,50,100.0,4.18
JELLY,0,3,13,24,10,0,0,50,100.0,4.18
KIOSK,0,0,16,27,7,0,0,50,100.0,4.18
LIVID,0,1,19,19,10,1,0,50,100.0,4.18
MUMMY,0,4,12,23,11,0,0,50,100.0,4.18
PAPAL,0,4,14,19,13,0,0,50,100.0,4.18
QUIRK,0,1,15,26,8,0,0,50,100.0,4.18
REFER,0,1,14,30,4,0,1,50,100.0,4.18
TAFFY,0,2,9,35,4,0,0,50,100.0,4.18
SWILL,0,2,14,25,9,0,0,50,100.0,4.18
TIBIA,0,3,10,30,7,0,0,50,100.0,4.18
TOOTH,0,1,18,21,9,1,0,50,100.0,4.18
WAGON,0,2,13,28,6,1,0,50,100.0,4.18
WHICH,0,2,15,24,8,1,0,50,100.0,4.18
AMASS,0,3,16,19,12,0,0,50,100.0,4.2
BLAZE,0,3,10,32,4,1,0,50,100.0,4.2
ENJOY,0,4,9,31,5,1,0,50,100.0,4.2
FIXER,0,2,14,26,8,0,0,50,100.0,4.2
GOUGE,0,1,18,22,8,1,0,50,100.0,4.2
GULLY,0,3,17,19,9,2,0,50,100.0,4.2
HAZEL,0,2,14,26,8,0,0,50,100.0,4.2
HYENA,0,2,10,34,4,0,0,50,100.0,4.2
IGLOO,0,1,17,25,5,2,0,50,100.0,4.2
KEBAB,0,0,15,30,5,0,0,50,100.0,4.2
KNOLL,0,2,15,24,9,0,0,50,100.0,4.2
NEIGH,0,2,13,28,7,0,0,50,100.0,4.2
OFFAL,0,2,11,32,5,0,0,50,100.0,4.2
OZONE,0,1,15,27,7,0,0,50,100.0,4.2
SHOWN,0,1,14,29,6,0,0,50,100.0,4.2
SQUAD,0,5,12,24,7,1,1,50,100.0,4.2
SWOON,0,3,11,29,7,0,0,50,100.0,4.2
TWEAK,0,1,16,26,6,1,0,50,100.0,4.2
WALTZ,0,1,14,30,4,1,0,50,100.0,4.2
WHACK,0,1,18,23,6,2,0,50,100.0,4.2
WHINY,0,2,13,29,5,1,0,50,100.0,4.2
ASKEW,0,1,15,29,4,1,0,50,100.0,4.22
AWAKE,0,0,18,26,5,1,0,50,100.0,4.22
DWELL,0,1,16,26,7,0,0,50,100.0,4.22
FLOOR,0,2,13,29,6,0,0,50,100.0,4.22
FLUNG,0,3,14,24,9,0,0,50,100.0,4.22
FLUNK,0,3,13,26,8,0,0,50,100.0,4.22
GAWKY,0,3,14,24,9,0,0,50,100.0,4.22
GLASS,0,4,12,25,9,0,0,50,100.0,4.22
HARSH,0,2,15,25,8,0,0,50,100.0,4.22
ICING,0,2,15,25,8,0,0,50,100.0,4.22
KNAVE,0,2,13,30,4,1,0,50,100.0,4.22
KNOWN,0,1,18,22,9,0,0,50,100.0,4.22
LILAC,0,4,11,27,8,0,0,50,100.0,4.22
MAXIM,0,6,12,20,11,1,0,50,100.0,4.22
SMASH,0,4,14,21,11,0,0,50,100.0,4.22
SUSHI,0,3,16,21,9,1,0,50,100.0,4.22
SWISH,0,1,15,28,6,0,0,50,100.0,4.22
WACKY,0,2,16,24,7,1,0,50,100.0,4.22
AGAIN,0,3,17,20,9,1,0,50,100.0,4.24
BEGET,0,2,15,28,3,2,0,50,100.0,4.24
CHECK,0,1,21,17,11,0,0,50,100.0,4.24
ENNUI,0,2,16,24,8,0,0,50,100.0,4.24
FIFTH,0,1,15,29,5,0,0,50,100.0,4.24
FISHY,0,2,13,30,5,0,0,50,100.0,4.24
FLING,0,2,15,26,7,0,0,50,100.0,4.24
INNER,0,2,13,30,5,0,0,50,100.0,4.24
MAMBO,0,0,18,26,6,0,0,50,100.0,4.24
ABYSS,0,2,15,27,6,0,0,50,100.0,4.26
BEGIN,0,3,13,28,6,0,0,50,100.0,4.26
BUGGY,0,3,17,21,8,1,0,50,100.0,4.26
HELLO,0,2,15,27,6,0,0,50,100.0,4.26
MANGA,0,4,13,25,8,0,0,50,100.0,4.26
SHYLY,0,3,14,26,7,0,0,50,100.0,4.26
THIGH,0,2,16,25,7,0,0,50,100.0,4.26
TWIST,0,3,15,25,6,1,0,50,100.0,4.26
ALLOW,0,2,15,28,5,0,0,50,100.0,4.28
BOOZE,0,3,15,25,7,0,0,50,100.0,4.28
CACAO,0,3,17,22,7,1,0,50,100.0,4.28
MIMIC,0,4,15,22,9,0,0,50,100.0,4.28
STAFF,0,2,15,28,5,0,0,50,100.0,4.28
AXIOM,0,1,21,20,8,0,0,50,100.0,4.3
KNACK,0,2,16,27,5,0,0,50,100.0,4.3
WHOOP,0,3,16,24,7,0,0,50,100.0,4.3
AGING,0,3,16,25,6,0,0,50,100.0,4.32
AWASH,0,2,20,20,8,0,0,50,100.0,4.32
STIFF,0,4,13,28,5,0,0,50,100.0,4.32
FULLY,0,4,16,23,7,0,0,50,100.0,4.34
LEGGY,0,4,14,28,3,1,0,50,100.0,4.34
MAGMA,0,5,19,15,10,1,0,50,100.0,4.34
SHUSH,0,5,17,19,8,1,0,50,100.0,4.34
DADDY,0,5,18,17,10,0,0,50,100.0,4.36
KHAKI,0,2,18,27,3,0,0,50,100.0,4.38
NANNY,0,4,17,23,6,0,0,50,100.0,4.38
BLUFF,0,2,21,22,5,0,0,50,100.0,4.4
INBOX,0,1,21,25,3,0,0,50,100.0,4.4
KAYAK,0,3,20,22,4,1,0,50,100.0,4.4
VIVID,0,2,22,20,6,0,0,50,100.0,4.4
WHIFF,0,2,20,24,4,0,0,50,100.0,4.4
CIVIC,0,4,19,21,6,0,0,50,100.0,4.42
SASSY,0,4,18,23,5,0,0,50,100.0,4.42
SKIFF,0,1,22,24,3,0,0,50,100.0,4.42
COCOA,0,2,22,22,4,0,0,50,100.0,4.44
GAMMA,0,5,19,20,5,1,0,50,100.0,4.44
SISSY,0,2,21,24,3,0,0,50,100.0,4.44
KAZOO,0,4,22,19,5,0,0,50,100.0,4.5
JAZZY,0,4,22,20,4,0,0,50,100.0,4.52
SAUTE,1,0,3,28,16,2,0,50,98.0,3.6530612244897958
CRIME,1,1,6,20,20,2,0,50,98.0,3.673469387755102
SMART,1,0,8,20,19,2,0,50,98.0,3.693877551020408
GREAT,1,1,3,26,19,0,0,50,98.0,3.7142857142857144
CROWN,1,0,11,17,20,1,0,50,98.0,3.7755102040816326
GRAND,1,0,6,27,15,1,0,50,98.0,3.7755102040816326
STATE,1,0,5,29,14,1,0,50,98.0,3.7755102040816326
BRACE,1,1,8,22,17,1,0,50,98.0,3.816326530612245
BRAID,1,0,8,24,17,0,0,50,98.0,3.816326530612245
MELON,1,1,5,29,12,2,0,50,98.0,3.816326530612245
CHIME,1,0,9,24,15,1,0,50,98.0,3.836734693877551
STAGE,1,0,5,31,13,0,0,50,98.0,3.836734693877551
TEASE,1,0,5,31,13,0,0,50,98.0,3.836734693877551
RECUR,1,0,12,21,13,3,0,50,98.0,3.857142857142857
TASTE,1,1,4,32,11,1,0,50,98.0,3.857142857142857
APART,1,0,8,27,14,0,0,50,98.0,3.877551020408163
LEMON,1,1,6,28,14,0,0,50,98.0,3.877551020408163
BELOW,1,0,8,28,13,0,0,50,98.0,3.8979591836734695
EARTH,1,0,7,30,12,0,0,50,98.0,3.8979591836734695
FLINT,1,1,9,23,16,0,0,50,98.0,3.8979591836734695
OCCUR,1,2,6,29,10,2,0,50,98.0,3.9183673469387754
ANTIC,1,1,10,26,9,3,0,50,98.0,3.938775510204082
BRING,1,1,8,27,13,0,0,50,98.0,3.938775510204082
ANGST,1,1,7,30,11,0,0,50,98.0,3.9591836734693877
CUMIN,1,2,8,25,14,0,0,50,98.0,3.9591836734693877
GLOBE,1,1,7,32,7,2,0,50,98.0,3.9591836734693877
GROWN,1,0,11,25,13,0,0,50,98.0,3.9591836734693877
MUSIC,1,1,8,28,12,0,0,50,98.0,3.9591836734693877
PIQUE,1,0,11,25,13,0,0,50,98.0,3.9591836734693877
QUEST,1,2,11,21,13,2,0,50,98.0,3.9591836734693877
WRONG,1,0,10,27,12,0,0,50,98.0,3.9591836734693877
BLIMP,1,0,9,31,8,1,0,50,98.0,3.979591836734694
PLUMB,1,0,13,22,14,0,0,50,98.0,3.979591836734694
TACIT,1,3,7,27,10,2,0,50,98.0,3.979591836734694
AGATE,1,3,5,30,11,0,0,50,98.0,4.0
GUIDE,1,0,11,28,9,1,0,50,98.0,4.0
LINGO,1,1,10,27,11,0,0,50,98.0,4.020408163265306
NIGHT,1,2,9,26,12,0,0,50,98.0,4.020408163265306
WORRY,1,0,16,19,13,1,0,50,98.0,4.020408163265306
CONIC,1,0,14,23,12,0,0,50,98.0,4.040816326530612
FORGO,1,0,14,23,12,0,0,50,98.0,4.040816326530612
FUNNY,1,1,10,28,10,0,0,50,98.0,4.040816326530612
THING,1,2,8,29,10,0,0,50,98.0,4.040816326530612
BRAIN,1,3,9,25,12,0,0,50,98.0,4.061224489795919
BUILD,1,1,15,20,12,1,0,50,98.0,4.061224489795919
IONIC,1,0,15,22,12,0,0,50,98.0,4.061224489795919
LOWLY,1,1,12,26,10,0,0,50,98.0,4.081632653061225
BUDDY,1,2,13,23,10,1,0,50,98.0,4.1020408163265305
FOLLY,1,0,15,24,10,0,0,50,98.0,4.1020408163265305
HUNCH,1,1,14,24,9,1,0,50,98.0,4.1020408163265305
TABOO,1,1,13,25,10,0,0,50,98.0,4.1020408163265305
ZEBRA,1,2,10,28,9,0,0,50,98.0,4.1020408163265305
BEEFY,1,1,16,21,10,1,0,50,98.0,4.122448979591836
CLOWN,1,0,13,29,7,0,0,50,98.0,4.122448979591836
COYLY,1,2,13,24,9,1,0,50,98.0,4.122448979591836
FIFTY,1,1,12,28,8,0,0,50,98.0,4.122448979591836
FOLIO,1,0,17,22,9,1,0,50,98.0,4.122448979591836
WEEDY,1,0,14,28,6,1,0,50,98.0,4.122448979591836
ATOLL,1,1,15,23,10,0,0,50,98.0,4.142857142857143
AZURE,1,2,13,24,10,0,0,50,98.0,4.142857142857143
BLISS,1,2,12,26,9,0,0,50,98.0,4.142857142857143
CINCH,1,2,13,24,10,0,0,50,98.0,4.142857142857143
CIRCA,1,1,15,23,10,0,0,50,98.0,4.142857142857143
CYNIC,1,2,12,26,9,0,0,50,98.0,4.142857142857143
JEWEL,1,1,14,26,7,1,0,50,98.0,4.142857142857143
SIXTH,1,1,11,31,6,0,0,50,98.0,4.142857142857143
JOLLY,1,0,18,21,10,0,0,50,98.0,4.163265306122449
DUMMY,1,4,12,22,11,0,0,50,98.0,4.183673469387755
MOMMY,1,2,16,20,11,0,0,50,98.0,4.183673469387755
BONGO,1,3,14,23,9,0,0,50,98.0,4.224489795918367
GOING,1,1,20,19,8,1,0,50,98.0,4.244897959183674
NINJA,1,1,16,28,3,1,0,50,98.0,4.26530612244898
QUEUE,1,2,17,22,8,0,0,50,98.0,4.26530612244898
FOGGY,1,1,20,20,8,0,0,50,98.0,4.285714285714286
GOOFY,1,1,19,22,7,0,0,50,98.0,4.285714285714286
ONION,1,2,18,21,8,0,0,50,98.0,4.285714285714286
JIFFY,1,2,21,18,8,0,0,50,98.0,4.346938775510204
BOOZY,1,2,20,21,6,0,0,50,98.0,4.36734693877551
BOOBY,1,2,21,20,6,0,0,50,98.0,4.387755102040816
AFFIX,1,2,19,25,3,0,0,50,98.0,4.408163265306122
FUZZY,1,1,25,17,6,0,0,50,98.0,4.428571428571429
FLUFF,1,3,25,17,4,0,0,50,98.0,4.551020408163265
